Date,APLD_Close,APLD_Volume,Title,Summary,Sentiment,Date Published
2024-09-25 04:00:00,7.670000076293945,19647800,"CORZ, WULF and APLD Stocks Set to Boom? Thank AI/ Bitcoin Data Centers","Data centers, AI, and Bitcoin mining are three fast-growing businesses bound to be multi-year megatrends. CORZ, WULF, and APLD are three companies that should benefit for years.",0.0,2024-09-24 14:04:00
2024-09-24 04:00:00,7.079999923706055,15410200,"Applied Digital Sets Fiscal First Quarter 2025 Earnings Conference Call for Wednesday, October 9, 2024 at 5:00 p.m. Eastern Time","DALLAS, Sept. 23, 2024 ( GLOBE NEWSWIRE ) -- Applied Digital Corporation ( Nasdaq: APLD ) ( ""Applied Digital"" or the ""Company"" ) , a designer, builder and operator of next-generation digital infrastructure designed for High-Performance Computing ( ""HPC"" ) applications, will host a conference ...",0.0,2024-09-23 12:00:00
2024-09-23 04:00:00,6.699999809265137,15381500,Applied Announces New Innovation Across Its Digital Agency Portfolio,"Chicago, IL., Sept. 11, 2024 ( GLOBE NEWSWIRE ) -- Applied Systems® today announced innovative enhancements across its Digital Agency® portfolio.",0.08333333333333333,2024-09-11 16:00:00
2024-09-20 04:00:00,6.019999980926514,17700800,Applied Announces New Innovation Across Its Digital Agency Portfolio,"Chicago, IL., Sept. 11, 2024 ( GLOBE NEWSWIRE ) -- Applied Systems® today announced innovative enhancements across its Digital Agency® portfolio.",0.125,2024-09-11 16:00:00
2024-09-19 04:00:00,5.559999942779541,16552600,Applied Announces New Innovation Across Its Digital Agency Portfolio,"Chicago, IL., Sept. 11, 2024 ( GLOBE NEWSWIRE ) -- Applied Systems® today announced innovative enhancements across its Digital Agency® portfolio.",0.15,2024-09-11 16:00:00
2024-09-18 04:00:00,6.070000171661377,16947900,Applied Announces New Innovation Across Its Digital Agency Portfolio,"Chicago, IL., Sept. 11, 2024 ( GLOBE NEWSWIRE ) -- Applied Systems® today announced innovative enhancements across its Digital Agency® portfolio.",0.16666666666666666,2024-09-11 16:00:00
2024-09-17 04:00:00,5.809999942779541,10462300,Applied Announces New Innovation Across Its Digital Agency Portfolio,"Chicago, IL., Sept. 11, 2024 ( GLOBE NEWSWIRE ) -- Applied Systems® today announced innovative enhancements across its Digital Agency® portfolio.",0.17857142857142858,2024-09-11 16:00:00
2024-09-16 04:00:00,5.889999866485596,5737900,Applied Announces New Innovation Across Its Digital Agency Portfolio,"Chicago, IL., Sept. 11, 2024 ( GLOBE NEWSWIRE ) -- Applied Systems® today announced innovative enhancements across its Digital Agency® portfolio.",0.21428571428571427,2024-09-11 16:00:00
2024-09-13 04:00:00,6.090000152587891,13880200,Applied Announces New Innovation Across Its Digital Agency Portfolio,"Chicago, IL., Sept. 11, 2024 ( GLOBE NEWSWIRE ) -- Applied Systems® today announced innovative enhancements across its Digital Agency® portfolio.",0.25,2024-09-11 16:00:00
2024-09-12 04:00:00,6.019999980926514,9586300,Applied Announces New Innovation Across Its Digital Agency Portfolio,"Chicago, IL., Sept. 11, 2024 ( GLOBE NEWSWIRE ) -- Applied Systems® today announced innovative enhancements across its Digital Agency® portfolio.",0.25,2024-09-11 16:00:00
2024-09-11 04:00:00,5.869999885559082,14139800, ( APLD )  - Analyzing Applied Digital's Short Interest - Applied Digital  ( NASDAQ:APLD ) ,"Applied Digital's APLD short percent of float has risen 5.7% since its last report. The company recently reported that it has 18.22 million shares sold short, which is 15.02% of all regular shares that are available for trading.",0.22244897959183674,2024-09-10 19:45:15
2024-09-10 04:00:00,6.440000057220459,20660300,What the Options Market Tells Us About Applied Digital - Applied Digital  ( NASDAQ:APLD ) ,"Deep-pocketed investors have adopted a bearish approach towards Applied Digital APLD, and it's something market players shouldn't ignore. Our tracking of public options records at Benzinga unveiled this significant move today.",0.2045918367346939,2024-09-09 19:15:37
2024-09-09 04:00:00,6.579999923706055,53031000,Applied Digital Corporation  ( APLD )  Soars 65.7%: Is Further Upside Left in the Stock?,Applied Digital Corporation (APLD) witnessed a jump in share price last session on above-average trading volume. The latest trend in earnings estimate revisions for the stock suggests that there could be more strength down the road.,0.1930045351473923,2024-09-06 13:59:00
2024-09-06 04:00:00,4.550000190734863,27902200,Gold Moves Higher; Science Applications International Posts Upbeat Earnings - ChargePoint Hldgs  ( NYSE:CHPT ) ,"U.S. stocks traded mixed toward the end of trading, with the Nasdaq Composite gaining around 0.5% on Thursday. The Dow traded down 0.36% to 40,828.19 while the NASDAQ rose 0.53% to 17,174.66. The S&P 500 also fell, dropping, 0.08% to 5,515.76. Consumer discretionary shares climbed by 1.4% on ...",0.17845427059712773,2024-09-05 18:30:35
2024-09-05 04:00:00,5.369999885559082,149889900,Applied Digital Issues $53.2 Million Convertible Preferred Stock to Advance HPC Data Center Project and Accelerate Growth - Applied Digital  ( NASDAQ:APLD ) ,"DALLAS, Aug. 30, 2024 ( GLOBE NEWSWIRE ) -- Applied Digital Corporation APLD ( ""Applied Digital"" or the ""Company"" ) , a designer, builder, and operator of next-generation digital infrastructure designed for High-Performance Computing ( ""HPC"" ) applications, today announced it has entered into a ...",0.14273998488284204,2024-08-30 20:05:00
2024-09-04 04:00:00,3.240000009536743,5094900,Applied Digital Issues $53.2 Million Convertible Preferred Stock to Advance HPC Data Center Project and Accelerate Growth - Applied Digital  ( NASDAQ:APLD ) ,"DALLAS, Aug. 30, 2024 ( GLOBE NEWSWIRE ) -- Applied Digital Corporation APLD ( ""Applied Digital"" or the ""Company"" ) , a designer, builder, and operator of next-generation digital infrastructure designed for High-Performance Computing ( ""HPC"" ) applications, today announced it has entered into a ...",0.10702569916855631,2024-08-30 20:05:00
2024-09-03 04:00:00,3.150000095367432,6437900,Applied Digital Issues $53.2 Million Convertible Preferred Stock to Advance HPC Data Center Project and Accelerate Growth - Applied Digital  ( NASDAQ:APLD ) ,"DALLAS, Aug. 30, 2024 ( GLOBE NEWSWIRE ) -- Applied Digital Corporation APLD ( ""Applied Digital"" or the ""Company"" ) , a designer, builder, and operator of next-generation digital infrastructure designed for High-Performance Computing ( ""HPC"" ) applications, today announced it has entered into a ...",0.07131141345427058,2024-08-30 20:05:00
2024-08-30 04:00:00,3.650000095367432,12775300,"Bitcoin And Ethereum Recover From FTX Collapse, MicroStrategy Outperforms; Nvidia Pre-Earnings Showdown Spurs Trading - Top Headlines Today While US Slept","Donald Trump's Fourth NFT Collection Has Generated Over $2M In Sales In Just 1 Day Bitcoin, Ethereum Have Left FTX Collapse Behind, But MicroStrategy Has Outperformed: Report Nvidia ETFs Split In Pre-Market After Jensen Huang-Led Chip Giant Exceeds Q2 Expectations",0.048862433862433864,2024-08-29 14:08:05
2024-08-29 04:00:00,3.819999933242798,9606500,"Applied Digital Corporation  ( APLD )  Reports Q4 Loss, Tops Revenue Estimates","Applied Digital Corporation (APLD) delivered earnings and revenue surprises of -126.09% and 2.34%, respectively, for the quarter ended May 2024. Do the numbers hold clues to what lies ahead for the stock?",0.031005291005291,2024-08-28 21:30:02
2024-08-28 04:00:00,4.409999847412109,6291600,"2024 Gateway Conference to Feature AI, Blockchain, and Digital Infrastructure Track on September 5th - Applied Digital  ( NASDAQ:APLD ) , Bit Digital  ( NASDAQ:BTBT ) ","NEWPORT BEACH, Calif., Aug. 20, 2024 ( GLOBE NEWSWIRE ) -- Gateway Group ( ""Gateway"" ) , a leading financial communications and digital media advisory firm, today announced the presenting company lineup for the Artificial Intelligence ( AI ) , Blockchain, and Digital Infrastructure Track at the ...",-0.015978835978835985,2024-08-20 20:15:00
2024-08-27 04:00:00,4.730000019073486,3801200,"2024 Gateway Conference to Feature AI, Blockchain, and Digital Infrastructure Track on September 5th - Applied Digital  ( NASDAQ:APLD ) , Bit Digital  ( NASDAQ:BTBT ) ","NEWPORT BEACH, Calif., Aug. 20, 2024 ( GLOBE NEWSWIRE ) -- Gateway Group ( ""Gateway"" ) , a leading financial communications and digital media advisory firm, today announced the presenting company lineup for the Artificial Intelligence ( AI ) , Blockchain, and Digital Infrastructure Track at the ...",-0.060000000000000005,2024-08-20 20:15:00
2024-08-26 04:00:00,4.920000076293945,3890500,"2024 Gateway Conference to Feature AI, Blockchain, and Digital Infrastructure Track on September 5th - Applied Digital  ( NASDAQ:APLD ) , Bit Digital  ( NASDAQ:BTBT ) ","NEWPORT BEACH, Calif., Aug. 20, 2024 ( GLOBE NEWSWIRE ) -- Gateway Group ( ""Gateway"" ) , a leading financial communications and digital media advisory firm, today announced the presenting company lineup for the Artificial Intelligence ( AI ) , Blockchain, and Digital Infrastructure Track at the ...",-0.08285714285714287,2024-08-20 20:15:00
2024-08-23 04:00:00,4.550000190734863,5238200,"2024 Gateway Conference to Feature AI, Blockchain, and Digital Infrastructure Track on September 5th - Applied Digital  ( NASDAQ:APLD ) , Bit Digital  ( NASDAQ:BTBT ) ","NEWPORT BEACH, Calif., Aug. 20, 2024 ( GLOBE NEWSWIRE ) -- Gateway Group ( ""Gateway"" ) , a leading financial communications and digital media advisory firm, today announced the presenting company lineup for the Artificial Intelligence ( AI ) , Blockchain, and Digital Infrastructure Track at the ...",-0.10571428571428572,2024-08-20 20:15:00
2024-08-22 04:00:00,4.090000152587891,2340400,"2024 Gateway Conference to Feature AI, Blockchain, and Digital Infrastructure Track on September 5th - Applied Digital  ( NASDAQ:APLD ) , Bit Digital  ( NASDAQ:BTBT ) ","NEWPORT BEACH, Calif., Aug. 20, 2024 ( GLOBE NEWSWIRE ) -- Gateway Group ( ""Gateway"" ) , a leading financial communications and digital media advisory firm, today announced the presenting company lineup for the Artificial Intelligence ( AI ) , Blockchain, and Digital Infrastructure Track at the ...",-0.1285714285714286,2024-08-20 20:15:00
2024-08-21 04:00:00,4.190000057220459,4415800,"2024 Gateway Conference to Feature AI, Blockchain, and Digital Infrastructure Track on September 5th - Applied Digital  ( NASDAQ:APLD ) , Bit Digital  ( NASDAQ:BTBT ) ","NEWPORT BEACH, Calif., Aug. 20, 2024 ( GLOBE NEWSWIRE ) -- Gateway Group ( ""Gateway"" ) , a leading financial communications and digital media advisory firm, today announced the presenting company lineup for the Artificial Intelligence ( AI ) , Blockchain, and Digital Infrastructure Track at the ...",-0.13714285714285715,2024-08-20 20:15:00
2024-08-20 04:00:00,4.03000020980835,1990500,"BTCS Inc.  ( BTCS )  Reports Q2 Loss, Tops Revenue Estimates","BTCS Inc. (BTCS) delivered earnings and revenue surprises of 0% and 40.25%, respectively, for the quarter ended June 2024. Do the numbers hold clues to what lies ahead for the stock?",-0.13714285714285715,2024-08-19 22:35:03
2024-08-19 04:00:00,4.110000133514404,2675600,"Bitcoin Depot Inc.  ( BTM )  Reports Q2 Loss, Tops Revenue Estimates","Bitcoin Depot Inc. (BTM) delivered earnings and revenue surprises of -533.33% and 9.81%, respectively, for the quarter ended June 2024. Do the numbers hold clues to what lies ahead for the stock?",-0.1142857142857143,2024-08-15 22:35:02
2024-08-16 04:00:00,4.010000228881836,4056500,"Bitcoin Depot Inc.  ( BTM )  Reports Q2 Loss, Tops Revenue Estimates","Bitcoin Depot Inc. (BTM) delivered earnings and revenue surprises of -533.33% and 9.81%, respectively, for the quarter ended June 2024. Do the numbers hold clues to what lies ahead for the stock?",-0.09142857142857143,2024-08-15 22:35:02
2024-08-15 04:00:00,4.0,4357400,"Sachem Capital Corp.  ( SACH )  Reports Q2 Loss, Misses Revenue Estimates","Sachem Capital (SACH) delivered earnings and revenue surprises of -181.82% and 6.16%, respectively, for the quarter ended June 2024. Do the numbers hold clues to what lies ahead for the stock?",-0.06857142857142857,2024-08-14 12:20:04
2024-08-14 04:00:00,3.839999914169312,2107900,Invesco Mortgage Capital  ( IVR )  Q2 Earnings Beat Estimates,"Invesco Mortgage Capital (IVR) delivered earnings and revenue surprises of 14.67% and 6.85%, respectively, for the quarter ended June 2024. Do the numbers hold clues to what lies ahead for the stock?",-0.04571428571428571,2024-08-08 21:50:06
2024-08-13 04:00:00,3.950000047683716,2255100,Invesco Mortgage Capital  ( IVR )  Q2 Earnings Beat Estimates,"Invesco Mortgage Capital (IVR) delivered earnings and revenue surprises of 14.67% and 6.85%, respectively, for the quarter ended June 2024. Do the numbers hold clues to what lies ahead for the stock?",-0.022857142857142857,2024-08-08 21:50:06
2024-08-12 04:00:00,3.9800000190734863,3519600,Invesco Mortgage Capital  ( IVR )  Q2 Earnings Beat Estimates,"Invesco Mortgage Capital (IVR) delivered earnings and revenue surprises of 14.67% and 6.85%, respectively, for the quarter ended June 2024. Do the numbers hold clues to what lies ahead for the stock?",0.0,2024-08-08 21:50:06
2024-08-09 04:00:00,3.900000095367432,6672900,Invesco Mortgage Capital  ( IVR )  Q2 Earnings Beat Estimates,"Invesco Mortgage Capital (IVR) delivered earnings and revenue surprises of 14.67% and 6.85%, respectively, for the quarter ended June 2024. Do the numbers hold clues to what lies ahead for the stock?",0.0,2024-08-08 21:50:06
2024-08-08 04:00:00,4.139999866485596,3751800,"FlexShopper Inc.  ( FPAY )  Reports Q2 Loss, Tops Revenue Estimates","FlexShopper (FPAY) delivered earnings and revenue surprises of 13.33% and 2.45%, respectively, for the quarter ended June 2024. Do the numbers hold clues to what lies ahead for the stock?",0.0,2024-08-06 23:10:04
2024-08-07 04:00:00,3.900000095367432,3044800,"FlexShopper Inc.  ( FPAY )  Reports Q2 Loss, Tops Revenue Estimates","FlexShopper (FPAY) delivered earnings and revenue surprises of 13.33% and 2.45%, respectively, for the quarter ended June 2024. Do the numbers hold clues to what lies ahead for the stock?",0.0,2024-08-06 23:10:04
2024-08-06 04:00:00,4.210000038146973,3086800,"Why Kellanova Shares Are Trading Higher By Around 15%; Here Are 20 Stocks Moving Premarket - XIAO-I  ( NASDAQ:AIXI ) , Applied Digital  ( NASDAQ:APLD ) ","Shares of Kellanova K rose sharply in today's pre-market trading following a report suggesting Mars is considering an acquisition of the company. Kellanova shares jumped 14.5% to $72.10 in pre-market trading. Here are some other stocks moving in pre-market trading. MGO Global, Inc.",0.009999999999999985,2024-08-05 12:54:32
2024-08-05 04:00:00,3.9700000286102295,4716000,"Marathon Digital Q2 Earnings: Revenue Miss, Hash Rate Up 78%, More Than 20K Bitcoin On Balance Sheet And More - Marathon Digital Holdings  ( NASDAQ:MARA ) ","Marathon Digital Holdings Inc MARA reported financial results for the second quarter Thursday after the bell. Here's a rundown of the report. Q2 Earnings: Marathon Digital reported second-quarter revenue of $145.14 million, missing the consensus estimate of $157.84 million, according to Benzinga ...",0.00428571428571427,2024-08-01 21:31:39
2024-08-02 04:00:00,4.239999771118164,3451700,"Marathon Digital Q2 Earnings: Revenue Miss, Hash Rate Up 78%, More Than 20K Bitcoin On Balance Sheet And More - Marathon Digital Holdings  ( NASDAQ:MARA ) ","Marathon Digital Holdings Inc MARA reported financial results for the second quarter Thursday after the bell. Here's a rundown of the report. Q2 Earnings: Marathon Digital reported second-quarter revenue of $145.14 million, missing the consensus estimate of $157.84 million, according to Benzinga ...",-0.0014285714285714437,2024-08-01 21:31:39
2024-08-01 04:00:00,4.489999771118164,4492600,Applied Digital Secures Final $25 Million from Garden City Facility Sale - Applied Digital  ( NASDAQ:APLD ) ,"DALLAS, July 30, 2024 ( GLOBE NEWSWIRE ) -- Applied Digital Corporation APLD ( ""Applied Digital"" or the ""Company"" ) , a designer, builder, and operator of next-generation digital infrastructure designed for High-Performance Computing ( HPC ) applications, announced today that it has met the ...",-0.0014285714285714437,2024-07-30 20:40:40
2024-07-31 04:00:00,4.860000133514404,7750200,Applied Digital Secures Final $25 Million from Garden City Facility Sale - Applied Digital  ( NASDAQ:APLD ) ,"DALLAS, July 30, 2024 ( GLOBE NEWSWIRE ) -- Applied Digital Corporation APLD ( ""Applied Digital"" or the ""Company"" ) , a designer, builder, and operator of next-generation digital infrastructure designed for High-Performance Computing ( HPC ) applications, announced today that it has met the ...",-0.0014285714285714437,2024-07-30 20:40:40
2024-07-30 04:00:00,3.9800000190734863,4895400,Lazard  ( LAZ )  Q2 Earnings and Revenues Beat Estimates,"Lazard (LAZ) delivered earnings and revenue surprises of 30% and 5.89%, respectively, for the quarter ended June 2024. Do the numbers hold clues to what lies ahead for the stock?",-0.0014285714285714437,2024-07-25 11:40:08
2024-07-29 04:00:00,4.260000228881836,3729200,Lazard  ( LAZ )  Q2 Earnings and Revenues Beat Estimates,"Lazard (LAZ) delivered earnings and revenue surprises of 30% and 5.89%, respectively, for the quarter ended June 2024. Do the numbers hold clues to what lies ahead for the stock?",-0.0014285714285714437,2024-07-25 11:40:08
2024-07-26 04:00:00,4.440000057220459,4664100,Lazard  ( LAZ )  Q2 Earnings and Revenues Beat Estimates,"Lazard (LAZ) delivered earnings and revenue surprises of 30% and 5.89%, respectively, for the quarter ended June 2024. Do the numbers hold clues to what lies ahead for the stock?",-0.011428571428571429,2024-07-25 11:40:08
2024-07-25 04:00:00,4.445000171661377,4955400,Moody's  ( MCO )  Earnings Expected to Grow: What to Know Ahead of Next Week's Release,Moody's (MCO) possesses the right combination of the two key ingredients for a likely earnings beat in its upcoming report. Get prepared with the key expectations.,0.004489795918367343,2024-07-16 14:00:43
2024-07-24 04:00:00,4.570000171661377,5869000,Moody's  ( MCO )  Earnings Expected to Grow: What to Know Ahead of Next Week's Release,Moody's (MCO) possesses the right combination of the two key ingredients for a likely earnings beat in its upcoming report. Get prepared with the key expectations.,0.020408163265306114,2024-07-16 14:00:43
2024-07-23 04:00:00,5.050000190734863,4496300,Moody's  ( MCO )  Earnings Expected to Grow: What to Know Ahead of Next Week's Release,Moody's (MCO) possesses the right combination of the two key ingredients for a likely earnings beat in its upcoming report. Get prepared with the key expectations.,0.03061224489795917,2024-07-16 14:00:43
2024-07-22 04:00:00,5.309999942779541,5163600,Moody's  ( MCO )  Earnings Expected to Grow: What to Know Ahead of Next Week's Release,Moody's (MCO) possesses the right combination of the two key ingredients for a likely earnings beat in its upcoming report. Get prepared with the key expectations.,0.04081632653061223,2024-07-16 14:00:43
2024-07-19 04:00:00,5.71999979019165,3817900,Moody's  ( MCO )  Earnings Expected to Grow: What to Know Ahead of Next Week's Release,Moody's (MCO) possesses the right combination of the two key ingredients for a likely earnings beat in its upcoming report. Get prepared with the key expectations.,0.051020408163265286,2024-07-16 14:00:43
2024-07-18 04:00:00,5.679999828338623,5180700,Moody's  ( MCO )  Earnings Expected to Grow: What to Know Ahead of Next Week's Release,Moody's (MCO) possesses the right combination of the two key ingredients for a likely earnings beat in its upcoming report. Get prepared with the key expectations.,0.06122448979591834,2024-07-16 14:00:43
2024-07-17 04:00:00,6.199999809265137,4429900,Moody's  ( MCO )  Earnings Expected to Grow: What to Know Ahead of Next Week's Release,Moody's (MCO) possesses the right combination of the two key ingredients for a likely earnings beat in its upcoming report. Get prepared with the key expectations.,0.0714285714285714,2024-07-16 14:00:43
2024-07-16 04:00:00,6.809999942779541,4375600,Earnings Preview: Applied Digital Corporation  ( APLD )  Q4 Earnings Expected to Decline,Applied Digital Corporation (APLD) doesn't possess the right combination of the two key ingredients for a likely earnings beat in its upcoming report. Get prepared with the key expectations.,0.06938775510204079,2024-07-15 14:00:13
2024-07-15 04:00:00,6.760000228881836,5636400,Peering Into Applied Digital's Recent Short Interest - Applied Digital  ( NASDAQ:APLD ) ,"Applied Digital's APLD short percent of float has risen 17.35% since its last report. The company recently reported that it has 19.60 million shares sold short, which is 17.52% of all regular shares that are available for trading.",0.06734693877551017,2024-07-11 13:15:17
2024-07-12 04:00:00,6.199999809265137,6862200,Peering Into Applied Digital's Recent Short Interest - Applied Digital  ( NASDAQ:APLD ) ,"Applied Digital's APLD short percent of float has risen 17.35% since its last report. The company recently reported that it has 19.60 million shares sold short, which is 17.52% of all regular shares that are available for trading.",0.06530612244897956,2024-07-11 13:15:17
2024-07-11 04:00:00,5.880000114440918,6873900,"SMART Global Posts Upbeat Results, Joins Aehr Test Systems, MarineMax And Other Big Stocks Moving Higher On Wednesday - SMART Glb Hldgs  ( NASDAQ:SGH ) ","U.S. stocks were mostly higher, with the Nasdaq Composite gaining around 0.4% on Wednesday. Shares of SMART Global Holdings, Inc. SGH rose sharply during Wednesday's session after the company reported better-than-expected third-quarter financial results.",0.07746598639455779,2024-07-10 14:48:49
2024-07-10 04:00:00,5.860000133514404,9511600,Crypto Miners Get AI Boost; Billionaires Bandy Bitcoin Talk On X,Crypto Miners Get AI Boost. Billionaires Bandy Bitcoin Talk On X Forbes ...,0.06726190476190473,2024-07-08 19:01:57
2024-07-09 04:00:00,5.46999979019165,18775600,Crypto Miners Get AI Boost; Billionaires Bandy Bitcoin Talk On X,Crypto Miners Get AI Boost. Billionaires Bandy Bitcoin Talk On X Forbes ...,0.05705782312925167,2024-07-08 19:01:57
2024-07-08 04:00:00,7.139999866485596,3923400,"Bitfarms, TeraWulf And Other Big Stocks Moving Lower In Friday's Pre-Market Session - Bitfarms  ( NASDAQ:BITF ) ","U.S. stock futures were mixed this morning, with the Nasdaq futures gaining around 0.2% on Friday. Shares of Bitfarms Ltd. BITF fell sharply in today's pre-market trading amid weakness in Bitcoin BTC/USD. Bitcoin prices tumbled 4% to $55,377 on Friday. Bitfarms shares dipped 7.6% to $2.32 in ...",0.03792517006802719,2024-07-05 12:18:20
2024-07-05 04:00:00,6.940000057220459,3197600,Why These Bitcoin Miners Are Becoming Summer's Hot AI Stocks,"Crypto miners are harnessing their advanced equipment and low-cost energy for the burgeoning artificial intelligence sector. As the demand for computational power soars, these miners are uniquely positioned to profit from the AI boom. nergy has become the hot commodity in the artificial ...",0.024761904761904756,2024-07-01 10:30:00
2024-07-03 04:00:00,6.769999980926514,3143700,Why These Bitcoin Miners Are Becoming Summer's Hot AI Stocks,"Crypto miners are harnessing their advanced equipment and low-cost energy for the burgeoning artificial intelligence sector. As the demand for computational power soars, these miners are uniquely positioned to profit from the AI boom. nergy has become the hot commodity in the artificial ...",0.011598639455782326,2024-07-01 10:30:00
2024-07-02 04:00:00,6.340000152587891,4763100,Why These Bitcoin Miners Are Becoming Summer's Hot AI Stocks,"Crypto miners are harnessing their advanced equipment and low-cost energy for the burgeoning artificial intelligence sector. As the demand for computational power soars, these miners are uniquely positioned to profit from the AI boom. nergy has become the hot commodity in the artificial ...",-0.001564625850340102,2024-07-01 10:30:00
2024-07-01 04:00:00,6.5,5628100,"KB Home Reports Upbeat Earnings, Joins Harrow, Accenture, Gilead Sciences And Other Big Stocks Moving Higher On Thursday - KB Home  ( NYSE:KBH ) ","U.S. stocks were mixed, with the Dow Jones index gaining around 150 points on Thursday. Shares of KB Home KBH rose during Thursday's session as the company posted better-than-expected earnings and sales results for its second quarter on Tuesday.",0.004642857142857171,2024-06-20 14:21:23
2024-06-28 04:00:00,5.949999809265137,8825700,"KB Home Reports Upbeat Earnings, Joins Harrow, Accenture, Gilead Sciences And Other Big Stocks Moving Higher On Thursday - KB Home  ( NYSE:KBH ) ","U.S. stocks were mixed, with the Dow Jones index gaining around 150 points on Thursday. Shares of KB Home KBH rose during Thursday's session as the company posted better-than-expected earnings and sales results for its second quarter on Tuesday.",0.03321428571428573,2024-06-20 14:21:23
2024-06-27 04:00:00,6.239999771118164,6451600,"KB Home Reports Upbeat Earnings, Joins Harrow, Accenture, Gilead Sciences And Other Big Stocks Moving Higher On Thursday - KB Home  ( NYSE:KBH ) ","U.S. stocks were mixed, with the Dow Jones index gaining around 150 points on Thursday. Shares of KB Home KBH rose during Thursday's session as the company posted better-than-expected earnings and sales results for its second quarter on Tuesday.",0.061785714285714284,2024-06-20 14:21:23
2024-06-26 04:00:00,6.03000020980835,12245500,"KB Home Reports Upbeat Earnings, Joins Harrow, Accenture, Gilead Sciences And Other Big Stocks Moving Higher On Thursday - KB Home  ( NYSE:KBH ) ","U.S. stocks were mixed, with the Dow Jones index gaining around 150 points on Thursday. Shares of KB Home KBH rose during Thursday's session as the company posted better-than-expected earnings and sales results for its second quarter on Tuesday.",0.09928571428571427,2024-06-20 14:21:23
2024-06-25 04:00:00,6.329999923706055,7544600,"KB Home Reports Upbeat Earnings, Joins Harrow, Accenture, Gilead Sciences And Other Big Stocks Moving Higher On Thursday - KB Home  ( NYSE:KBH ) ","U.S. stocks were mixed, with the Dow Jones index gaining around 150 points on Thursday. Shares of KB Home KBH rose during Thursday's session as the company posted better-than-expected earnings and sales results for its second quarter on Tuesday.",0.1328571428571428,2024-06-20 14:21:23
2024-06-24 04:00:00,6.079999923706055,9455600,"KB Home Reports Upbeat Earnings, Joins Harrow, Accenture, Gilead Sciences And Other Big Stocks Moving Higher On Thursday - KB Home  ( NYSE:KBH ) ","U.S. stocks were mixed, with the Dow Jones index gaining around 150 points on Thursday. Shares of KB Home KBH rose during Thursday's session as the company posted better-than-expected earnings and sales results for its second quarter on Tuesday.",0.16642857142857137,2024-06-20 14:21:23
2024-06-21 04:00:00,5.519999980926514,9405200,"KB Home Reports Upbeat Earnings, Joins Harrow, Accenture, Gilead Sciences And Other Big Stocks Moving Higher On Thursday - KB Home  ( NYSE:KBH ) ","U.S. stocks were mixed, with the Dow Jones index gaining around 150 points on Thursday. Shares of KB Home KBH rose during Thursday's session as the company posted better-than-expected earnings and sales results for its second quarter on Tuesday.",0.1999999999999999,2024-06-20 14:21:23
2024-06-20 04:00:00,6.039999961853027,13490700,Peering Into Applied Digital's Recent Short Interest - Applied Digital  ( NASDAQ:APLD ) ,"Applied Digital's APLD short percent of float has fallen 6.56% since its last report. The company recently reported that it has 19.15 million shares sold short, which is 16.81% of all regular shares that are available for trading.",0.17959183673469378,2024-06-18 16:15:13
2024-06-18 04:00:00,5.159999847412109,9156800,,,0.15918367346938767,
2024-06-17 04:00:00,5.460000038146973,12992800,,,0.13877551020408155,
2024-06-14 04:00:00,4.650000095367432,13925400,,,0.11836734693877544,
2024-06-13 04:00:00,4.369999885559082,4374100,,,0.09795918367346933,
2024-06-12 04:00:00,4.130000114440918,3287300,,,0.07755102040816321,
2024-06-11 04:00:00,4.139999866485596,2539600,,,0.0571428571428571,
2024-06-10 04:00:00,4.130000114440918,6545700,,,0.0571428571428571,
2024-06-07 04:00:00,4.5,3319400,,,0.0571428571428571,
2024-06-06 04:00:00,4.920000076293945,5128200,,,0.0571428571428571,
2024-06-05 04:00:00,4.670000076293945,3056200,,,0.0571428571428571,
2024-06-04 04:00:00,4.25,4735500,,,0.0571428571428571,
2024-06-03 04:00:00,3.9600000381469727,2967200,,,0.0571428571428571,
2024-05-31 04:00:00,4.230000019073486,4067100,,,0.0571428571428571,
2024-05-30 04:00:00,4.190000057220459,2280400,,,0.0571428571428571,
2024-05-29 04:00:00,4.329999923706055,2904900,,,0.0571428571428571,
2024-05-28 04:00:00,4.619999885559082,3785900,,,0.0571428571428571,
2024-05-24 04:00:00,4.610000133514404,3379900,,,0.0571428571428571,
2024-05-23 04:00:00,4.25,3042100,,,0.0571428571428571,
2024-05-22 04:00:00,4.239999771118164,1841800,,,0.0571428571428571,
2024-05-21 04:00:00,4.420000076293945,3785400,,,0.0571428571428571,
2024-05-20 04:00:00,4.579999923706055,5781300,,,0.0571428571428571,
2024-05-17 04:00:00,4.139999866485596,4688700,,,0.0571428571428571,
2024-05-16 04:00:00,3.660000085830689,2692900,,,0.0571428571428571,
2024-05-15 04:00:00,3.799999952316284,4914200,,,0.0571428571428571,
2024-05-14 04:00:00,3.5799999237060547,4472300,,,0.0571428571428571,
2024-05-13 04:00:00,3.4800000190734863,3440400,,,0.0571428571428571,
2024-05-10 04:00:00,3.309999942779541,4134400,,,0.0571428571428571,
2024-05-09 04:00:00,3.3399999141693115,2314700,,,0.0571428571428571,
2024-05-08 04:00:00,3.299999952316284,3200300,,,0.0571428571428571,
2024-05-07 04:00:00,3.0999999046325684,3658500,,,0.0571428571428571,
2024-05-06 04:00:00,3.2799999713897705,2399800,,,0.0571428571428571,
2024-05-03 04:00:00,3.0299999713897705,1431100,,,0.0571428571428571,
2024-05-02 04:00:00,2.9600000381469727,2101200,,,0.0571428571428571,
2024-05-01 04:00:00,3.0,5947900,,,0.0571428571428571,
2024-04-30 04:00:00,2.7049999237060547,1268400,,,0.0571428571428571,
2024-04-29 04:00:00,2.7100000381469727,3200500,,,0.0571428571428571,
2024-04-26 04:00:00,2.940000057220459,3299800,,,0.0571428571428571,
2024-04-25 04:00:00,3.0,2880900,,,0.0571428571428571,
2024-04-24 04:00:00,2.9800000190734863,5824500,,,0.0571428571428571,
2024-04-23 04:00:00,2.930000066757202,4514800,,,0.0571428571428571,
2024-04-22 04:00:00,2.7100000381469727,2704700,,,0.0571428571428571,
2024-04-19 04:00:00,2.470000028610229,3208500,,,0.0571428571428571,
2024-04-18 04:00:00,2.390000104904175,2690100,,,0.0571428571428571,
2024-04-17 04:00:00,2.400000095367432,2458500,,,0.0571428571428571,
2024-04-16 04:00:00,2.450000047683716,4752700,,,0.0571428571428571,
2024-04-15 04:00:00,2.515000104904175,4951100,,,0.0571428571428571,
2024-04-12 04:00:00,2.7100000381469727,11120600,,,0.0571428571428571,
2024-04-11 04:00:00,3.069999933242798,7801700,,,0.0571428571428571,
2024-04-10 04:00:00,2.990000009536743,4047500,,,0.0571428571428571,
2024-04-09 04:00:00,2.8499999046325684,6485500,,,0.0571428571428571,
2024-04-08 04:00:00,3.125,3934100,,,0.0571428571428571,
2024-04-05 04:00:00,2.9800000190734863,4586300,,,0.0571428571428571,
2024-04-04 04:00:00,3.2699999809265137,2890500,,,0.0571428571428571,
2024-04-03 04:00:00,3.3299999237060547,5447700,,,0.0571428571428571,
2024-04-02 04:00:00,3.819999933242798,4187000,,,0.0571428571428571,
2024-04-01 04:00:00,4.110000133514404,3194200,,,0.0571428571428571,
2024-03-28 04:00:00,4.28000020980835,2181900,,,0.0571428571428571,
2024-03-27 04:00:00,4.349999904632568,1523200,,,0.0571428571428571,
2024-03-26 04:00:00,4.329999923706055,1612700,,,0.0571428571428571,
2024-03-25 04:00:00,4.409999847412109,2042400,,,0.0571428571428571,
2024-03-22 04:00:00,4.239999771118164,2016700,,,0.0571428571428571,
2024-03-21 04:00:00,4.550000190734863,2952900,,,0.0571428571428571,
2024-03-20 04:00:00,4.650000095367432,3319300,,,0.0571428571428571,
2024-03-19 04:00:00,4.28000020980835,2479600,,,0.0571428571428571,
2024-03-18 04:00:00,4.239999771118164,3110500,,,0.0571428571428571,
2024-03-15 04:00:00,4.5,6103500,,,0.0571428571428571,
2024-03-14 04:00:00,4.230000019073486,2682400,,,0.0571428571428571,
2024-03-13 04:00:00,4.610000133514404,2321800,,,0.0571428571428571,
2024-03-12 04:00:00,4.300000190734863,1762700,,,0.0571428571428571,
2024-03-11 04:00:00,4.199999809265137,2322500,,,0.0571428571428571,
2024-03-08 05:00:00,4.590000152587891,3781300,,,0.0571428571428571,
2024-03-07 05:00:00,4.159999847412109,1909500,,,0.0571428571428571,
2024-03-06 05:00:00,4.090000152587891,2042300,,,0.0571428571428571,
2024-03-05 05:00:00,4.090000152587891,2070000,,,0.0571428571428571,
2024-03-04 05:00:00,4.110000133514404,2865400,,,0.0571428571428571,
2024-03-01 05:00:00,4.210000038146973,2634100,,,0.0571428571428571,
2024-02-29 05:00:00,4.150000095367432,6744600,,,0.0571428571428571,
2024-02-28 05:00:00,4.389999866485596,3894300,,,0.0571428571428571,
2024-02-27 05:00:00,4.320000171661377,2627100,,,0.0571428571428571,
2024-02-26 05:00:00,4.300000190734863,3513700,,,0.0571428571428571,
2024-02-23 05:00:00,4.045000076293945,4406000,,,0.0571428571428571,
2024-02-22 05:00:00,4.329999923706055,4016600,,,0.0571428571428571,
2024-02-21 05:00:00,4.389999866485596,3388500,,,0.0571428571428571,
2024-02-20 05:00:00,4.730000019073486,2869200,,,0.0571428571428571,
2024-02-16 05:00:00,4.840000152587891,2495800,,,0.0571428571428571,
2024-02-15 05:00:00,4.940000057220459,2751100,,,0.0571428571428571,
2024-02-14 05:00:00,4.71999979019165,2676600,,,0.0571428571428571,
2024-02-13 05:00:00,4.449999809265137,3410900,,,0.0571428571428571,
2024-02-12 05:00:00,4.849999904632568,5632300,,,0.0571428571428571,
2024-02-09 05:00:00,5.275000095367432,3533400,,,0.0571428571428571,
2024-02-08 05:00:00,5.019999980926514,3161300,,,0.0571428571428571,
2024-02-07 05:00:00,4.739999771118164,2631000,,,0.0571428571428571,
2024-02-06 05:00:00,4.679999828338623,3524100,,,0.0571428571428571,
2024-02-05 05:00:00,4.260000228881836,3995500,,,0.0571428571428571,
2024-02-02 05:00:00,4.690000057220459,3393300,,,0.0571428571428571,
2024-02-01 05:00:00,5.010000228881836,2332700,,,0.0571428571428571,
2024-01-31 05:00:00,5.139999866485596,2230300,,,0.0571428571428571,
2024-01-30 05:00:00,5.400000095367432,1382600,,,0.0571428571428571,
2024-01-29 05:00:00,5.460000038146973,2562500,,,0.0571428571428571,
2024-01-26 05:00:00,5.03000020980835,2241500,,,0.0571428571428571,
2024-01-25 05:00:00,5.150000095367432,2725000,,,0.0571428571428571,
2024-01-24 05:00:00,4.78000020980835,1979900,,,0.0571428571428571,
2024-01-23 05:00:00,4.829999923706055,2119700,,,0.0571428571428571,
2024-01-22 05:00:00,4.869999885559082,3799700,,,0.0571428571428571,
2024-01-19 05:00:00,4.860000133514404,5792100,,,0.0571428571428571,
2024-01-18 05:00:00,4.929999828338623,5269700,,,0.0571428571428571,
2024-01-17 05:00:00,5.130000114440918,6059500,,,0.0571428571428571,
2024-01-16 05:00:00,5.53000020980835,13293900,,,0.0571428571428571,
2024-01-12 05:00:00,7.489999771118164,5428500,,,0.0571428571428571,
2024-01-11 05:00:00,7.840000152587891,4211800,,,0.0571428571428571,
2024-01-10 05:00:00,8.220000267028809,3534000,,,0.0571428571428571,
2024-01-09 05:00:00,8.520000457763672,5769200,,,0.0571428571428571,
2024-01-08 05:00:00,7.590000152587891,2871200,,,0.0571428571428571,
2024-01-05 05:00:00,7.369999885559082,2828300,,,0.0571428571428571,
2024-01-04 05:00:00,7.28000020980835,3044200,,,0.0571428571428571,
2024-01-03 05:00:00,6.840000152587891,3440200,,,0.0571428571428571,
2024-01-02 05:00:00,6.960000038146973,2643200,,,0.0571428571428571,
2023-12-29 05:00:00,6.739999771118164,4725900,,,0.0571428571428571,
2023-12-28 05:00:00,7.300000190734863,2485800,,,0.0571428571428571,
2023-12-27 05:00:00,7.550000190734863,3525100,,,0.0571428571428571,
2023-12-26 05:00:00,7.059999942779541,2233800,,,0.0571428571428571,
2023-12-22 05:00:00,7.190000057220459,2275900,,,0.0571428571428571,
2023-12-21 05:00:00,7.090000152587891,2411000,,,0.0571428571428571,
2023-12-20 05:00:00,6.630000114440918,4257100,,,0.0571428571428571,
2023-12-19 05:00:00,6.760000228881836,4601400,,,0.0571428571428571,
2023-12-18 05:00:00,6.610000133514404,2039400,,,0.0571428571428571,
2023-12-15 05:00:00,6.510000228881836,4870500,,,0.0571428571428571,
2023-12-14 05:00:00,6.559999942779541,5102000,,,0.0571428571428571,
2023-12-13 05:00:00,6.190000057220459,4860400,,,0.0571428571428571,
2023-12-12 05:00:00,5.880000114440918,2045900,,,0.0571428571428571,
2023-12-11 05:00:00,5.989999771118164,4248400,,,0.0571428571428571,
2023-12-08 05:00:00,6.579999923706055,5976600,,,0.0571428571428571,
2023-12-07 05:00:00,5.630000114440918,2105000,,,0.0571428571428571,
2023-12-06 05:00:00,5.619999885559082,2680400,,,0.0571428571428571,
2023-12-05 05:00:00,5.380000114440918,2539200,,,0.0571428571428571,
2023-12-04 05:00:00,5.5,4609800,,,0.0571428571428571,
2023-12-01 05:00:00,5.190000057220459,3545600,,,0.0571428571428571,
2023-11-30 05:00:00,4.670000076293945,2911000,,,0.0571428571428571,
2023-11-29 05:00:00,4.75,2456100,,,0.0571428571428571,
2023-11-28 05:00:00,4.829999923706055,3038000,,,0.0571428571428571,
2023-11-27 05:00:00,4.619999885559082,1427800,,,0.0571428571428571,
2023-11-24 05:00:00,4.699999809265137,1306400,,,0.0571428571428571,
2023-11-22 05:00:00,4.559999942779541,1987600,,,0.0571428571428571,
2023-11-21 05:00:00,4.46999979019165,2187000,,,0.0571428571428571,
2023-11-20 05:00:00,4.389999866485596,3069200,,,0.0571428571428571,
2023-11-17 05:00:00,4.039999961853027,2847000,,,0.0571428571428571,
2023-11-16 05:00:00,4.28000020980835,2702800,,,0.0571428571428571,
2023-11-15 05:00:00,4.320000171661377,2252300,,,0.0571428571428571,
2023-11-14 05:00:00,4.360000133514404,3574300,,,0.0571428571428571,
2023-11-13 05:00:00,3.940000057220459,9196700,,,0.0571428571428571,
2023-11-10 05:00:00,4.690000057220459,2101100,,,0.0571428571428571,
2023-11-09 05:00:00,4.75,2368400,,,0.0571428571428571,
2023-11-08 05:00:00,4.889999866485596,2440400,,,0.0571428571428571,
2023-11-07 05:00:00,5.179999828338623,2174200,,,0.0571428571428571,
2023-11-06 05:00:00,5.360000133514404,2419800,,,0.0571428571428571,
2023-11-03 04:00:00,5.460000038146973,1776500,,,0.0571428571428571,
2023-11-02 04:00:00,5.28000020980835,2423700,,,0.0571428571428571,
2023-11-01 04:00:00,4.929999828338623,1769400,,,0.0571428571428571,
2023-10-31 04:00:00,4.880000114440918,2264800,,,0.0571428571428571,
2023-10-30 04:00:00,4.579999923706055,2359400,,,0.0571428571428571,
2023-10-27 04:00:00,4.809999942779541,1776600,,,0.0571428571428571,
2023-10-26 04:00:00,4.75,2231700,,,0.0571428571428571,
2023-10-25 04:00:00,4.78000020980835,3050200,,,0.0571428571428571,
2023-10-24 04:00:00,5.070000171661377,3233000,,,0.0571428571428571,
2023-10-23 04:00:00,4.840000152587891,3489800,,,0.0571428571428571,
2023-10-20 04:00:00,4.690000057220459,4401700,,,0.0571428571428571,
2023-10-19 04:00:00,5.010000228881836,5716300,,,0.0571428571428571,
2023-10-18 04:00:00,4.855000019073486,5572700,,,0.0571428571428571,
2023-10-17 04:00:00,5.460000038146973,2201500,,,0.0571428571428571,
2023-10-16 04:00:00,5.489999771118164,4258200,,,0.0571428571428571,
2023-10-13 04:00:00,5.130000114440918,1929500,,,0.0571428571428571,
2023-10-12 04:00:00,5.170000076293945,3910300,,,0.0571428571428571,
2023-10-11 04:00:00,5.260000228881836,4551300,,,0.0571428571428571,
2023-10-10 04:00:00,5.414999961853027,7020900,,,0.0571428571428571,
2023-10-09 04:00:00,4.809999942779541,14208000,,,0.0571428571428571,
2023-10-06 04:00:00,5.170000076293945,5334100,,,0.0571428571428571,
2023-10-05 04:00:00,5.199999809265137,3611100,,,0.0571428571428571,
2023-10-04 04:00:00,5.474999904632568,2217300,,,0.0571428571428571,
2023-10-03 04:00:00,5.380000114440918,4787800,,,0.0571428571428571,
2023-10-02 04:00:00,6.130000114440918,3041100,,,0.0571428571428571,
