Date,CNEY_Close,CNEY_Volume,Title,Summary,Sentiment,Date Published
2024-09-25 04:00,0.4149999916553497,7796200,Why Intel Shares Are Trading Higher By Around 7%; Here Are 20 Stocks Moving Premarket - Ocean Power Techs  ( AMEX:OPTT ) ,Shares of Intel Corporation INTC rose sharply in today's pre-market trading after the company announced a strategic collaboration with AWS to help advance US-based chip manufacturing. Intel shares jumped 6.9% to $22.36 in the pre-market trading. Here are some other stocks moving in pre-market ...,0.1166666666666666,2024-09-17 09:48
2024-09-24 04:00,0.3540000021457672,1478100,Why Intel Shares Are Trading Higher By Around 7%; Here Are 20 Stocks Moving Premarket - Ocean Power Techs  ( AMEX:OPTT ) ,Shares of Intel Corporation INTC rose sharply in today's pre-market trading after the company announced a strategic collaboration with AWS to help advance US-based chip manufacturing. Intel shares jumped 6.9% to $22.36 in the pre-market trading. Here are some other stocks moving in pre-market ...,0.1166666666666666,2024-09-17 09:48
2024-09-23 04:00,0.3499999940395355,640600,Why Intel Shares Are Trading Higher By Around 7%; Here Are 20 Stocks Moving Premarket - Ocean Power Techs  ( AMEX:OPTT ) ,Shares of Intel Corporation INTC rose sharply in today's pre-market trading after the company announced a strategic collaboration with AWS to help advance US-based chip manufacturing. Intel shares jumped 6.9% to $22.36 in the pre-market trading. Here are some other stocks moving in pre-market ...,0.1166666666666666,2024-09-17 09:48
2024-09-20 04:00,0.3499999940395355,1098500,Why Intel Shares Are Trading Higher By Around 7%; Here Are 20 Stocks Moving Premarket - Ocean Power Techs  ( AMEX:OPTT ) ,Shares of Intel Corporation INTC rose sharply in today's pre-market trading after the company announced a strategic collaboration with AWS to help advance US-based chip manufacturing. Intel shares jumped 6.9% to $22.36 in the pre-market trading. Here are some other stocks moving in pre-market ...,0.1166666666666666,2024-09-17 09:48
2024-09-19 04:00,0.3899999856948852,919900,Why Intel Shares Are Trading Higher By Around 7%; Here Are 20 Stocks Moving Premarket - Ocean Power Techs  ( AMEX:OPTT ) ,Shares of Intel Corporation INTC rose sharply in today's pre-market trading after the company announced a strategic collaboration with AWS to help advance US-based chip manufacturing. Intel shares jumped 6.9% to $22.36 in the pre-market trading. Here are some other stocks moving in pre-market ...,0.1166666666666666,2024-09-17 09:48
2024-09-18 04:00,0.3980000019073486,2403100,Why Intel Shares Are Trading Higher By Around 7%; Here Are 20 Stocks Moving Premarket - Ocean Power Techs  ( AMEX:OPTT ) ,Shares of Intel Corporation INTC rose sharply in today's pre-market trading after the company announced a strategic collaboration with AWS to help advance US-based chip manufacturing. Intel shares jumped 6.9% to $22.36 in the pre-market trading. Here are some other stocks moving in pre-market ...,0.1166666666666666,2024-09-17 09:48
2024-09-17 04:00,0.3910000026226043,3266100,Why Champions Oncology Shares Are Trading Higher By Over 13%; Here Are 20 Stocks Moving Premarket - Champions Oncology  ( NASDAQ:CSBR ) ,"Shares of Champions Oncology, Inc. CSBR rose sharply in today's pre-market trading reported better-than-expected financial results for the first quarter on Wednesday. The company reported quarterly earnings of 11 cents per share which beat the analyst consensus estimate of a loss of $0.3 per share.",0.12589285714285708,2024-09-12 09:46
2024-09-16 04:00,0.4760000109672546,27703300,Why Champions Oncology Shares Are Trading Higher By Over 13%; Here Are 20 Stocks Moving Premarket - Champions Oncology  ( NASDAQ:CSBR ) ,"Shares of Champions Oncology, Inc. CSBR rose sharply in today's pre-market trading reported better-than-expected financial results for the first quarter on Wednesday. The company reported quarterly earnings of 11 cents per share which beat the analyst consensus estimate of a loss of $0.3 per share.",0.13511904761904756,2024-09-12 09:46
2024-09-13 04:00,0.449999988,5091100,Why Champions Oncology Shares Are Trading Higher By Over 13%; Here Are 20 Stocks Moving Premarket - Champions Oncology  ( NASDAQ:CSBR ) ,"Shares of Champions Oncology, Inc. CSBR rose sharply in today's pre-market trading reported better-than-expected financial results for the first quarter on Wednesday. The company reported quarterly earnings of 11 cents per share which beat the analyst consensus estimate of a loss of $0.3 per share.",0.14434523809523808,2024-09-12 09:46
2024-09-12 04:00,0.6899999976158142,17157000,Dow Tumbles 350 Points; US Inflation Rate Slows In August - BriaCell Therapeutics  ( NASDAQ:BCTX ) ,"U.S. stocks traded mostly lower this morning, with the Dow Jones falling around 350 points on Wednesday. The Dow traded down 0.87% to 40,384.56 while the NASDAQ rose 0.05% to 17,034.56. The S&P 500 also fell, dropping, 0.41% to 5,473.12. Information technology shares surged by 0.9% on Wednesday.",0.1726521164021164,2024-09-11 13:47
2024-09-11 04:00,1.3899999856948853,347476100,Why VivoPower International Shares Are Trading Higher By Around 31%; Here Are 20 Stocks Moving Premarket - Vivopower Intl  ( NASDAQ:VVPR ) ,Shares of VivoPower International PLC VVPR rose sharply in today's pre-market trading after the company announced it secured an extension for a $34 million loan financing facility agreement. VivoPower International shares jumped 31.4% to $3.35 in pre-market trading.,0.1729497354497354,2024-07-10 09:34
2024-09-10 04:00,0.2980000078678131,134000,Why VivoPower International Shares Are Trading Higher By Around 31%; Here Are 20 Stocks Moving Premarket - Vivopower Intl  ( NASDAQ:VVPR ) ,Shares of VivoPower International PLC VVPR rose sharply in today's pre-market trading after the company announced it secured an extension for a $34 million loan financing facility agreement. VivoPower International shares jumped 31.4% to $3.35 in pre-market trading.,0.1732473544973545,2024-07-10 09:34
2024-09-09 04:00,0.2870000004768371,136800,Why VivoPower International Shares Are Trading Higher By Around 31%; Here Are 20 Stocks Moving Premarket - Vivopower Intl  ( NASDAQ:VVPR ) ,Shares of VivoPower International PLC VVPR rose sharply in today's pre-market trading after the company announced it secured an extension for a $34 million loan financing facility agreement. VivoPower International shares jumped 31.4% to $3.35 in pre-market trading.,0.17354497354497353,2024-07-10 09:34
2024-09-06 04:00,0.2939999997615814,48500,Why VivoPower International Shares Are Trading Higher By Around 31%; Here Are 20 Stocks Moving Premarket - Vivopower Intl  ( NASDAQ:VVPR ) ,Shares of VivoPower International PLC VVPR rose sharply in today's pre-market trading after the company announced it secured an extension for a $34 million loan financing facility agreement. VivoPower International shares jumped 31.4% to $3.35 in pre-market trading.,0.1646164021164021,2024-07-10 09:34
2024-09-05 04:00,0.2960000038146972,16800,Why VivoPower International Shares Are Trading Higher By Around 31%; Here Are 20 Stocks Moving Premarket - Vivopower Intl  ( NASDAQ:VVPR ) ,Shares of VivoPower International PLC VVPR rose sharply in today's pre-market trading after the company announced it secured an extension for a $34 million loan financing facility agreement. VivoPower International shares jumped 31.4% to $3.35 in pre-market trading.,0.15568783068783068,2024-07-10 09:34
2024-09-04 04:00,0.3000000119209289,51900,Why VivoPower International Shares Are Trading Higher By Around 31%; Here Are 20 Stocks Moving Premarket - Vivopower Intl  ( NASDAQ:VVPR ) ,Shares of VivoPower International PLC VVPR rose sharply in today's pre-market trading after the company announced it secured an extension for a $34 million loan financing facility agreement. VivoPower International shares jumped 31.4% to $3.35 in pre-market trading.,0.14675925925925926,2024-07-10 09:34
2024-09-03 04:00,0.2989999949932098,29000,Why VivoPower International Shares Are Trading Higher By Around 31%; Here Are 20 Stocks Moving Premarket - Vivopower Intl  ( NASDAQ:VVPR ) ,Shares of VivoPower International PLC VVPR rose sharply in today's pre-market trading after the company announced it secured an extension for a $34 million loan financing facility agreement. VivoPower International shares jumped 31.4% to $3.35 in pre-market trading.,0.11875,2024-07-10 09:34
2024-08-30 04:00,0.2930000126361847,21900,Why VivoPower International Shares Are Trading Higher By Around 31%; Here Are 20 Stocks Moving Premarket - Vivopower Intl  ( NASDAQ:VVPR ) ,Shares of VivoPower International PLC VVPR rose sharply in today's pre-market trading after the company announced it secured an extension for a $34 million loan financing facility agreement. VivoPower International shares jumped 31.4% to $3.35 in pre-market trading.,0.11875,2024-07-10 09:34
2024-08-29 04:00,0.3009999990463257,36200,Why VivoPower International Shares Are Trading Higher By Around 31%; Here Are 20 Stocks Moving Premarket - Vivopower Intl  ( NASDAQ:VVPR ) ,Shares of VivoPower International PLC VVPR rose sharply in today's pre-market trading after the company announced it secured an extension for a $34 million loan financing facility agreement. VivoPower International shares jumped 31.4% to $3.35 in pre-market trading.,0.11875,2024-07-10 09:34
2024-08-28 04:00,0.3030000030994415,25600,Why VivoPower International Shares Are Trading Higher By Around 31%; Here Are 20 Stocks Moving Premarket - Vivopower Intl  ( NASDAQ:VVPR ) ,Shares of VivoPower International PLC VVPR rose sharply in today's pre-market trading after the company announced it secured an extension for a $34 million loan financing facility agreement. VivoPower International shares jumped 31.4% to $3.35 in pre-market trading.,0.11875,2024-07-10 09:34
2024-08-27 04:00,0.3379999995231628,41800,Why VivoPower International Shares Are Trading Higher By Around 31%; Here Are 20 Stocks Moving Premarket - Vivopower Intl  ( NASDAQ:VVPR ) ,Shares of VivoPower International PLC VVPR rose sharply in today's pre-market trading after the company announced it secured an extension for a $34 million loan financing facility agreement. VivoPower International shares jumped 31.4% to $3.35 in pre-market trading.,0.11875,2024-07-10 09:34
2024-08-26 04:00,0.3260000050067901,44900,Why VivoPower International Shares Are Trading Higher By Around 31%; Here Are 20 Stocks Moving Premarket - Vivopower Intl  ( NASDAQ:VVPR ) ,Shares of VivoPower International PLC VVPR rose sharply in today's pre-market trading after the company announced it secured an extension for a $34 million loan financing facility agreement. VivoPower International shares jumped 31.4% to $3.35 in pre-market trading.,0.11875,2024-07-10 09:34
2024-08-23 04:00,0.3260000050067901,160200,Why VivoPower International Shares Are Trading Higher By Around 31%; Here Are 20 Stocks Moving Premarket - Vivopower Intl  ( NASDAQ:VVPR ) ,Shares of VivoPower International PLC VVPR rose sharply in today's pre-market trading after the company announced it secured an extension for a $34 million loan financing facility agreement. VivoPower International shares jumped 31.4% to $3.35 in pre-market trading.,0.11875,2024-07-10 09:34
2024-08-22 04:00,0.3009999990463257,138800,Why VivoPower International Shares Are Trading Higher By Around 31%; Here Are 20 Stocks Moving Premarket - Vivopower Intl  ( NASDAQ:VVPR ) ,Shares of VivoPower International PLC VVPR rose sharply in today's pre-market trading after the company announced it secured an extension for a $34 million loan financing facility agreement. VivoPower International shares jumped 31.4% to $3.35 in pre-market trading.,0.11875,2024-07-10 09:34
2024-08-21 04:00,0.335999995,42200,Why VivoPower International Shares Are Trading Higher By Around 31%; Here Are 20 Stocks Moving Premarket - Vivopower Intl  ( NASDAQ:VVPR ) ,Shares of VivoPower International PLC VVPR rose sharply in today's pre-market trading after the company announced it secured an extension for a $34 million loan financing facility agreement. VivoPower International shares jumped 31.4% to $3.35 in pre-market trading.,0.11875,2024-07-10 09:34
2024-08-20 04:00,0.3409999907016754,328900,Why VivoPower International Shares Are Trading Higher By Around 31%; Here Are 20 Stocks Moving Premarket - Vivopower Intl  ( NASDAQ:VVPR ) ,Shares of VivoPower International PLC VVPR rose sharply in today's pre-market trading after the company announced it secured an extension for a $34 million loan financing facility agreement. VivoPower International shares jumped 31.4% to $3.35 in pre-market trading.,0.11875,2024-07-10 09:34
2024-08-19 04:00,0.2989999949932098,144700,Why VivoPower International Shares Are Trading Higher By Around 31%; Here Are 20 Stocks Moving Premarket - Vivopower Intl  ( NASDAQ:VVPR ) ,Shares of VivoPower International PLC VVPR rose sharply in today's pre-market trading after the company announced it secured an extension for a $34 million loan financing facility agreement. VivoPower International shares jumped 31.4% to $3.35 in pre-market trading.,0.11875,2024-07-10 09:34
2024-08-16 04:00,0.3330000042915344,26200,Why VivoPower International Shares Are Trading Higher By Around 31%; Here Are 20 Stocks Moving Premarket - Vivopower Intl  ( NASDAQ:VVPR ) ,Shares of VivoPower International PLC VVPR rose sharply in today's pre-market trading after the company announced it secured an extension for a $34 million loan financing facility agreement. VivoPower International shares jumped 31.4% to $3.35 in pre-market trading.,0.11875,2024-07-10 09:34
2024-08-15 04:00,0.317000002,23500,Why VivoPower International Shares Are Trading Higher By Around 31%; Here Are 20 Stocks Moving Premarket - Vivopower Intl  ( NASDAQ:VVPR ) ,Shares of VivoPower International PLC VVPR rose sharply in today's pre-market trading after the company announced it secured an extension for a $34 million loan financing facility agreement. VivoPower International shares jumped 31.4% to $3.35 in pre-market trading.,0.11875,2024-07-10 09:34
2024-08-14 04:00,0.3199999928474426,45300,Why VivoPower International Shares Are Trading Higher By Around 31%; Here Are 20 Stocks Moving Premarket - Vivopower Intl  ( NASDAQ:VVPR ) ,Shares of VivoPower International PLC VVPR rose sharply in today's pre-market trading after the company announced it secured an extension for a $34 million loan financing facility agreement. VivoPower International shares jumped 31.4% to $3.35 in pre-market trading.,0.11875,2024-07-10 09:34
2024-08-13 04:00,0.3300000131130218,35200,Why VivoPower International Shares Are Trading Higher By Around 31%; Here Are 20 Stocks Moving Premarket - Vivopower Intl  ( NASDAQ:VVPR ) ,Shares of VivoPower International PLC VVPR rose sharply in today's pre-market trading after the company announced it secured an extension for a $34 million loan financing facility agreement. VivoPower International shares jumped 31.4% to $3.35 in pre-market trading.,0.11875,2024-07-10 09:34
2024-08-12 04:00,0.3089999854564667,88700,Why VivoPower International Shares Are Trading Higher By Around 31%; Here Are 20 Stocks Moving Premarket - Vivopower Intl  ( NASDAQ:VVPR ) ,Shares of VivoPower International PLC VVPR rose sharply in today's pre-market trading after the company announced it secured an extension for a $34 million loan financing facility agreement. VivoPower International shares jumped 31.4% to $3.35 in pre-market trading.,0.11875,2024-07-10 09:34
2024-08-09 04:00,0.2800000011920929,8700,Why VivoPower International Shares Are Trading Higher By Around 31%; Here Are 20 Stocks Moving Premarket - Vivopower Intl  ( NASDAQ:VVPR ) ,Shares of VivoPower International PLC VVPR rose sharply in today's pre-market trading after the company announced it secured an extension for a $34 million loan financing facility agreement. VivoPower International shares jumped 31.4% to $3.35 in pre-market trading.,0.11875,2024-07-10 09:34
2024-08-08 04:00,0.2860000133514404,20200,Why VivoPower International Shares Are Trading Higher By Around 31%; Here Are 20 Stocks Moving Premarket - Vivopower Intl  ( NASDAQ:VVPR ) ,Shares of VivoPower International PLC VVPR rose sharply in today's pre-market trading after the company announced it secured an extension for a $34 million loan financing facility agreement. VivoPower International shares jumped 31.4% to $3.35 in pre-market trading.,0.11875,2024-07-10 09:34
2024-08-07 04:00,0.2840000092983246,16900,Why VivoPower International Shares Are Trading Higher By Around 31%; Here Are 20 Stocks Moving Premarket - Vivopower Intl  ( NASDAQ:VVPR ) ,Shares of VivoPower International PLC VVPR rose sharply in today's pre-market trading after the company announced it secured an extension for a $34 million loan financing facility agreement. VivoPower International shares jumped 31.4% to $3.35 in pre-market trading.,0.11875,2024-07-10 09:34
2024-08-06 04:00,0.3000000119209289,38900,Why VivoPower International Shares Are Trading Higher By Around 31%; Here Are 20 Stocks Moving Premarket - Vivopower Intl  ( NASDAQ:VVPR ) ,Shares of VivoPower International PLC VVPR rose sharply in today's pre-market trading after the company announced it secured an extension for a $34 million loan financing facility agreement. VivoPower International shares jumped 31.4% to $3.35 in pre-market trading.,0.11875,2024-07-10 09:34
2024-08-05 04:00,0.3100000023841858,131300,Why VivoPower International Shares Are Trading Higher By Around 31%; Here Are 20 Stocks Moving Premarket - Vivopower Intl  ( NASDAQ:VVPR ) ,Shares of VivoPower International PLC VVPR rose sharply in today's pre-market trading after the company announced it secured an extension for a $34 million loan financing facility agreement. VivoPower International shares jumped 31.4% to $3.35 in pre-market trading.,0.11875,2024-07-10 09:34
2024-08-02 04:00,0.3109999895095825,37600,Why VivoPower International Shares Are Trading Higher By Around 31%; Here Are 20 Stocks Moving Premarket - Vivopower Intl  ( NASDAQ:VVPR ) ,Shares of VivoPower International PLC VVPR rose sharply in today's pre-market trading after the company announced it secured an extension for a $34 million loan financing facility agreement. VivoPower International shares jumped 31.4% to $3.35 in pre-market trading.,0.11875,2024-07-10 09:34
2024-08-01 04:00,0.3499999940395355,30600,Why VivoPower International Shares Are Trading Higher By Around 31%; Here Are 20 Stocks Moving Premarket - Vivopower Intl  ( NASDAQ:VVPR ) ,Shares of VivoPower International PLC VVPR rose sharply in today's pre-market trading after the company announced it secured an extension for a $34 million loan financing facility agreement. VivoPower International shares jumped 31.4% to $3.35 in pre-market trading.,0.11875,2024-07-10 09:34
2024-07-31 04:00,0.3549999892711639,178300,Why VivoPower International Shares Are Trading Higher By Around 31%; Here Are 20 Stocks Moving Premarket - Vivopower Intl  ( NASDAQ:VVPR ) ,Shares of VivoPower International PLC VVPR rose sharply in today's pre-market trading after the company announced it secured an extension for a $34 million loan financing facility agreement. VivoPower International shares jumped 31.4% to $3.35 in pre-market trading.,0.11875,2024-07-10 09:34
2024-07-30 04:00,0.363999993,99900,Why VivoPower International Shares Are Trading Higher By Around 31%; Here Are 20 Stocks Moving Premarket - Vivopower Intl  ( NASDAQ:VVPR ) ,Shares of VivoPower International PLC VVPR rose sharply in today's pre-market trading after the company announced it secured an extension for a $34 million loan financing facility agreement. VivoPower International shares jumped 31.4% to $3.35 in pre-market trading.,0.11875,2024-07-10 09:34
2024-07-29 04:00,0.3499999940395355,506600,Why VivoPower International Shares Are Trading Higher By Around 31%; Here Are 20 Stocks Moving Premarket - Vivopower Intl  ( NASDAQ:VVPR ) ,Shares of VivoPower International PLC VVPR rose sharply in today's pre-market trading after the company announced it secured an extension for a $34 million loan financing facility agreement. VivoPower International shares jumped 31.4% to $3.35 in pre-market trading.,0.11875,2024-07-10 09:34
2024-07-26 04:00,0.3899999856948852,180800,Why VivoPower International Shares Are Trading Higher By Around 31%; Here Are 20 Stocks Moving Premarket - Vivopower Intl  ( NASDAQ:VVPR ) ,Shares of VivoPower International PLC VVPR rose sharply in today's pre-market trading after the company announced it secured an extension for a $34 million loan financing facility agreement. VivoPower International shares jumped 31.4% to $3.35 in pre-market trading.,0.11875,2024-07-10 09:34
2024-07-25 04:00,0.3989999890327453,778800,Why VivoPower International Shares Are Trading Higher By Around 31%; Here Are 20 Stocks Moving Premarket - Vivopower Intl  ( NASDAQ:VVPR ) ,Shares of VivoPower International PLC VVPR rose sharply in today's pre-market trading after the company announced it secured an extension for a $34 million loan financing facility agreement. VivoPower International shares jumped 31.4% to $3.35 in pre-market trading.,0.11875,2024-07-10 09:34
2024-07-24 04:00,0.4900000095367431,6116600,Why VivoPower International Shares Are Trading Higher By Around 31%; Here Are 20 Stocks Moving Premarket - Vivopower Intl  ( NASDAQ:VVPR ) ,Shares of VivoPower International PLC VVPR rose sharply in today's pre-market trading after the company announced it secured an extension for a $34 million loan financing facility agreement. VivoPower International shares jumped 31.4% to $3.35 in pre-market trading.,0.11875,2024-07-10 09:34
2024-07-23 04:00,0.4979999959468841,78900,Why VivoPower International Shares Are Trading Higher By Around 31%; Here Are 20 Stocks Moving Premarket - Vivopower Intl  ( NASDAQ:VVPR ) ,Shares of VivoPower International PLC VVPR rose sharply in today's pre-market trading after the company announced it secured an extension for a $34 million loan financing facility agreement. VivoPower International shares jumped 31.4% to $3.35 in pre-market trading.,0.11875,2024-07-10 09:34
2024-07-22 04:00,0.4799999892711639,60900,Why VivoPower International Shares Are Trading Higher By Around 31%; Here Are 20 Stocks Moving Premarket - Vivopower Intl  ( NASDAQ:VVPR ) ,Shares of VivoPower International PLC VVPR rose sharply in today's pre-market trading after the company announced it secured an extension for a $34 million loan financing facility agreement. VivoPower International shares jumped 31.4% to $3.35 in pre-market trading.,0.11875,2024-07-10 09:34
2024-07-19 04:00,0.4600000083446502,49500,Why VivoPower International Shares Are Trading Higher By Around 31%; Here Are 20 Stocks Moving Premarket - Vivopower Intl  ( NASDAQ:VVPR ) ,Shares of VivoPower International PLC VVPR rose sharply in today's pre-market trading after the company announced it secured an extension for a $34 million loan financing facility agreement. VivoPower International shares jumped 31.4% to $3.35 in pre-market trading.,0.11875,2024-07-10 09:34
2024-07-18 04:00,0.4779999852180481,99400,Why VivoPower International Shares Are Trading Higher By Around 31%; Here Are 20 Stocks Moving Premarket - Vivopower Intl  ( NASDAQ:VVPR ) ,Shares of VivoPower International PLC VVPR rose sharply in today's pre-market trading after the company announced it secured an extension for a $34 million loan financing facility agreement. VivoPower International shares jumped 31.4% to $3.35 in pre-market trading.,0.11875,2024-07-10 09:34
2024-07-17 04:00,0.5009999871253967,156300,Why VivoPower International Shares Are Trading Higher By Around 31%; Here Are 20 Stocks Moving Premarket - Vivopower Intl  ( NASDAQ:VVPR ) ,Shares of VivoPower International PLC VVPR rose sharply in today's pre-market trading after the company announced it secured an extension for a $34 million loan financing facility agreement. VivoPower International shares jumped 31.4% to $3.35 in pre-market trading.,0.11875,2024-07-10 09:34
2024-07-16 04:00,0.5299999713897705,48300,Why VivoPower International Shares Are Trading Higher By Around 31%; Here Are 20 Stocks Moving Premarket - Vivopower Intl  ( NASDAQ:VVPR ) ,Shares of VivoPower International PLC VVPR rose sharply in today's pre-market trading after the company announced it secured an extension for a $34 million loan financing facility agreement. VivoPower International shares jumped 31.4% to $3.35 in pre-market trading.,0.11875,2024-07-10 09:34
2024-07-15 04:00,0.5299999713897705,197500,Why VivoPower International Shares Are Trading Higher By Around 31%; Here Are 20 Stocks Moving Premarket - Vivopower Intl  ( NASDAQ:VVPR ) ,Shares of VivoPower International PLC VVPR rose sharply in today's pre-market trading after the company announced it secured an extension for a $34 million loan financing facility agreement. VivoPower International shares jumped 31.4% to $3.35 in pre-market trading.,0.11875,2024-07-10 09:34
2024-07-12 04:00,0.5249999761581421,134100,Why VivoPower International Shares Are Trading Higher By Around 31%; Here Are 20 Stocks Moving Premarket - Vivopower Intl  ( NASDAQ:VVPR ) ,Shares of VivoPower International PLC VVPR rose sharply in today's pre-market trading after the company announced it secured an extension for a $34 million loan financing facility agreement. VivoPower International shares jumped 31.4% to $3.35 in pre-market trading.,0.11875,2024-07-10 09:34
2024-07-11 04:00,0.4900000095367431,148700,Why VivoPower International Shares Are Trading Higher By Around 31%; Here Are 20 Stocks Moving Premarket - Vivopower Intl  ( NASDAQ:VVPR ) ,Shares of VivoPower International PLC VVPR rose sharply in today's pre-market trading after the company announced it secured an extension for a $34 million loan financing facility agreement. VivoPower International shares jumped 31.4% to $3.35 in pre-market trading.,0.11875,2024-07-10 09:34
2024-07-10 04:00,0.5149999856948853,576900,CN Energy Group Receives Re-order from Water Purification Customer for its Activated Carbon - CN Energy Group  ( NASDAQ:CNEY ) ,"LISHUI, China, March 15, 2024 /PRNewswire/ -- CN Energy Group. Inc.",0.10178571428571427,2024-03-15 13:30
2024-07-09 04:00,0.4449999928474426,65400,CN Energy Group Receives Re-order from Water Purification Customer for its Activated Carbon - CN Energy Group  ( NASDAQ:CNEY ) ,"LISHUI, China, March 15, 2024 /PRNewswire/ -- CN Energy Group. Inc.",0.084821429,2024-03-15 13:30
2024-07-08 04:00,0.4379999935626983,48700,CN Energy Group Receives Re-order from Water Purification Customer for its Activated Carbon - CN Energy Group  ( NASDAQ:CNEY ) ,"LISHUI, China, March 15, 2024 /PRNewswire/ -- CN Energy Group. Inc.",0.067857143,2024-03-15 13:30
2024-07-05 04:00,0.4429999887943268,7000,CN Energy Group Receives Re-order from Water Purification Customer for its Activated Carbon - CN Energy Group  ( NASDAQ:CNEY ) ,"LISHUI, China, March 15, 2024 /PRNewswire/ -- CN Energy Group. Inc.",0.050892857142857136,2024-03-15 13:30
2024-07-03 04:00,0.4469999969005584,30900,CN Energy Group Receives Re-order from Water Purification Customer for its Activated Carbon - CN Energy Group  ( NASDAQ:CNEY ) ,"LISHUI, China, March 15, 2024 /PRNewswire/ -- CN Energy Group. Inc.",0.033928571428571426,2024-03-15 13:30
2024-07-02 04:00,0.4510000050067901,44800,CN Energy Group Receives Re-order from Water Purification Customer for its Activated Carbon - CN Energy Group  ( NASDAQ:CNEY ) ,"LISHUI, China, March 15, 2024 /PRNewswire/ -- CN Energy Group. Inc.",0.016964285714285713,2024-03-15 13:30
2024-07-01 04:00,0.4639999866485595,78100,CN Energy Group Receives Re-order from Water Purification Customer for its Activated Carbon - CN Energy Group  ( NASDAQ:CNEY ) ,"LISHUI, China, March 15, 2024 /PRNewswire/ -- CN Energy Group. Inc.",0,2024-03-15 13:30
2024-06-28 04:00,0.4830000102519989,27900,CN Energy Group Receives Re-order from Water Purification Customer for its Activated Carbon - CN Energy Group  ( NASDAQ:CNEY ) ,"LISHUI, China, March 15, 2024 /PRNewswire/ -- CN Energy Group. Inc.",0,2024-03-15 13:30
2024-06-27 04:00,0.4930000007152557,34700,CN Energy Group Receives Re-order from Water Purification Customer for its Activated Carbon - CN Energy Group  ( NASDAQ:CNEY ) ,"LISHUI, China, March 15, 2024 /PRNewswire/ -- CN Energy Group. Inc.",0,2024-03-15 13:30
2024-06-26 04:00,0.4799999892711639,29200,CN Energy Group Receives Re-order from Water Purification Customer for its Activated Carbon - CN Energy Group  ( NASDAQ:CNEY ) ,"LISHUI, China, March 15, 2024 /PRNewswire/ -- CN Energy Group. Inc.",0,2024-03-15 13:30
2024-06-25 04:00,0.4690000116825104,15500,CN Energy Group Receives Re-order from Water Purification Customer for its Activated Carbon - CN Energy Group  ( NASDAQ:CNEY ) ,"LISHUI, China, March 15, 2024 /PRNewswire/ -- CN Energy Group. Inc.",0,2024-03-15 13:30
2024-06-24 04:00,0.4600000083446502,69700,CN Energy Group Receives Re-order from Water Purification Customer for its Activated Carbon - CN Energy Group  ( NASDAQ:CNEY ) ,"LISHUI, China, March 15, 2024 /PRNewswire/ -- CN Energy Group. Inc.",0,2024-03-15 13:30
2024-06-21 04:00,0.4399999976158142,83600,CN Energy Group Receives Re-order from Water Purification Customer for its Activated Carbon - CN Energy Group  ( NASDAQ:CNEY ) ,"LISHUI, China, March 15, 2024 /PRNewswire/ -- CN Energy Group. Inc.",0,2024-03-15 13:30
2024-06-20 04:00,0.4629999995231628,72200,CN Energy Group Receives Re-order from Water Purification Customer for its Activated Carbon - CN Energy Group  ( NASDAQ:CNEY ) ,"LISHUI, China, March 15, 2024 /PRNewswire/ -- CN Energy Group. Inc.",0,2024-03-15 13:30
2024-06-18 04:00,0.4699999988079071,24200,CN Energy Group Receives Re-order from Water Purification Customer for its Activated Carbon - CN Energy Group  ( NASDAQ:CNEY ) ,"LISHUI, China, March 15, 2024 /PRNewswire/ -- CN Energy Group. Inc.",0,2024-03-15 13:30
2024-06-17 04:00,0.4880000054836273,81700,CN Energy Group Receives Re-order from Water Purification Customer for its Activated Carbon - CN Energy Group  ( NASDAQ:CNEY ) ,"LISHUI, China, March 15, 2024 /PRNewswire/ -- CN Energy Group. Inc.",0,2024-03-15 13:30
2024-06-14 04:00,0.4860000014305115,95100,CN Energy Group Receives Re-order from Water Purification Customer for its Activated Carbon - CN Energy Group  ( NASDAQ:CNEY ) ,"LISHUI, China, March 15, 2024 /PRNewswire/ -- CN Energy Group. Inc.",0,2024-03-15 13:30
2024-06-13 04:00,0.5180000066757202,111300,CN Energy Group Receives Re-order from Water Purification Customer for its Activated Carbon - CN Energy Group  ( NASDAQ:CNEY ) ,"LISHUI, China, March 15, 2024 /PRNewswire/ -- CN Energy Group. Inc.",0,2024-03-15 13:30
2024-06-12 04:00,0.4600000083446502,46200,CN Energy Group Receives Re-order from Water Purification Customer for its Activated Carbon - CN Energy Group  ( NASDAQ:CNEY ) ,"LISHUI, China, March 15, 2024 /PRNewswire/ -- CN Energy Group. Inc.",0,2024-03-15 13:30
2024-06-11 04:00,0.4620000123977661,36800,CN Energy Group Receives Re-order from Water Purification Customer for its Activated Carbon - CN Energy Group  ( NASDAQ:CNEY ) ,"LISHUI, China, March 15, 2024 /PRNewswire/ -- CN Energy Group. Inc.",0,2024-03-15 13:30
2024-06-10 04:00,0.4429999887943268,66300,CN Energy Group Receives Re-order from Water Purification Customer for its Activated Carbon - CN Energy Group  ( NASDAQ:CNEY ) ,"LISHUI, China, March 15, 2024 /PRNewswire/ -- CN Energy Group. Inc.",0,2024-03-15 13:30
2024-06-07 04:00,0.4600000083446502,148900,CN Energy Group Receives Re-order from Water Purification Customer for its Activated Carbon - CN Energy Group  ( NASDAQ:CNEY ) ,"LISHUI, China, March 15, 2024 /PRNewswire/ -- CN Energy Group. Inc.",0,2024-03-15 13:30
2024-06-06 04:00,0.4900000095367431,191300,CN Energy Group Receives Re-order from Water Purification Customer for its Activated Carbon - CN Energy Group  ( NASDAQ:CNEY ) ,"LISHUI, China, March 15, 2024 /PRNewswire/ -- CN Energy Group. Inc.",0,2024-03-15 13:30
2024-06-05 04:00,0.5249999761581421,308900,CN Energy Group Receives Re-order from Water Purification Customer for its Activated Carbon - CN Energy Group  ( NASDAQ:CNEY ) ,"LISHUI, China, March 15, 2024 /PRNewswire/ -- CN Energy Group. Inc.",0,2024-03-15 13:30
2024-06-04 04:00,0.5759999752044678,300700,CN Energy Group Receives Re-order from Water Purification Customer for its Activated Carbon - CN Energy Group  ( NASDAQ:CNEY ) ,"LISHUI, China, March 15, 2024 /PRNewswire/ -- CN Energy Group. Inc.",0,2024-03-15 13:30
2024-06-03 04:00,0.5289999842643738,46700,CN Energy Group Receives Re-order from Water Purification Customer for its Activated Carbon - CN Energy Group  ( NASDAQ:CNEY ) ,"LISHUI, China, March 15, 2024 /PRNewswire/ -- CN Energy Group. Inc.",0,2024-03-15 13:30
2024-05-31 04:00,0.5230000019073486,48300,CN Energy Group Receives Re-order from Water Purification Customer for its Activated Carbon - CN Energy Group  ( NASDAQ:CNEY ) ,"LISHUI, China, March 15, 2024 /PRNewswire/ -- CN Energy Group. Inc.",0,2024-03-15 13:30
2024-05-30 04:00,0.5600000023841858,79600,CN Energy Group Receives Re-order from Water Purification Customer for its Activated Carbon - CN Energy Group  ( NASDAQ:CNEY ) ,"LISHUI, China, March 15, 2024 /PRNewswire/ -- CN Energy Group. Inc.",0,2024-03-15 13:30
2024-05-29 04:00,0.5370000004768372,417500,CN Energy Group Receives Re-order from Water Purification Customer for its Activated Carbon - CN Energy Group  ( NASDAQ:CNEY ) ,"LISHUI, China, March 15, 2024 /PRNewswire/ -- CN Energy Group. Inc.",0,2024-03-15 13:30
2024-05-28 04:00,0.621999979,164300,CN Energy Group Receives Re-order from Water Purification Customer for its Activated Carbon - CN Energy Group  ( NASDAQ:CNEY ) ,"LISHUI, China, March 15, 2024 /PRNewswire/ -- CN Energy Group. Inc.",0,2024-03-15 13:30
2024-05-24 04:00,0.652999997,49600,CN Energy Group Receives Re-order from Water Purification Customer for its Activated Carbon - CN Energy Group  ( NASDAQ:CNEY ) ,"LISHUI, China, March 15, 2024 /PRNewswire/ -- CN Energy Group. Inc.",0,2024-03-15 13:30
2024-05-23 04:00,0.6610000133514404,191400,CN Energy Group Receives Re-order from Water Purification Customer for its Activated Carbon - CN Energy Group  ( NASDAQ:CNEY ) ,"LISHUI, China, March 15, 2024 /PRNewswire/ -- CN Energy Group. Inc.",0,2024-03-15 13:30
2024-05-22 04:00,0.800000012,444400,CN Energy Group Receives Re-order from Water Purification Customer for its Activated Carbon - CN Energy Group  ( NASDAQ:CNEY ) ,"LISHUI, China, March 15, 2024 /PRNewswire/ -- CN Energy Group. Inc.",0,2024-03-15 13:30
2024-05-21 04:00,0.7799999713897705,854600,CN Energy Group Receives Re-order from Water Purification Customer for its Activated Carbon - CN Energy Group  ( NASDAQ:CNEY ) ,"LISHUI, China, March 15, 2024 /PRNewswire/ -- CN Energy Group. Inc.",0,2024-03-15 13:30
2024-05-20 04:00,0.8500000238418579,13193400,CN Energy Group Receives Re-order from Water Purification Customer for its Activated Carbon - CN Energy Group  ( NASDAQ:CNEY ) ,"LISHUI, China, March 15, 2024 /PRNewswire/ -- CN Energy Group. Inc.",0,2024-03-15 13:30
2024-05-17 04:00,0.6650000214576721,119900,CN Energy Group Receives Re-order from Water Purification Customer for its Activated Carbon - CN Energy Group  ( NASDAQ:CNEY ) ,"LISHUI, China, March 15, 2024 /PRNewswire/ -- CN Energy Group. Inc.",0,2024-03-15 13:30
2024-05-16 04:00,0.6700000166893005,29100,CN Energy Group Receives Re-order from Water Purification Customer for its Activated Carbon - CN Energy Group  ( NASDAQ:CNEY ) ,"LISHUI, China, March 15, 2024 /PRNewswire/ -- CN Energy Group. Inc.",0,2024-03-15 13:30
2024-05-15 04:00,0.6790000200271606,64200,CN Energy Group Receives Re-order from Water Purification Customer for its Activated Carbon - CN Energy Group  ( NASDAQ:CNEY ) ,"LISHUI, China, March 15, 2024 /PRNewswire/ -- CN Energy Group. Inc.",0,2024-03-15 13:30
2024-05-14 04:00,0.7089999914169312,67800,CN Energy Group Receives Re-order from Water Purification Customer for its Activated Carbon - CN Energy Group  ( NASDAQ:CNEY ) ,"LISHUI, China, March 15, 2024 /PRNewswire/ -- CN Energy Group. Inc.",0,2024-03-15 13:30
2024-05-13 04:00,0.6800000071525574,32600,CN Energy Group Receives Re-order from Water Purification Customer for its Activated Carbon - CN Energy Group  ( NASDAQ:CNEY ) ,"LISHUI, China, March 15, 2024 /PRNewswire/ -- CN Energy Group. Inc.",0,2024-03-15 13:30
2024-05-10 04:00,0.7049999833106995,70800,CN Energy Group Receives Re-order from Water Purification Customer for its Activated Carbon - CN Energy Group  ( NASDAQ:CNEY ) ,"LISHUI, China, March 15, 2024 /PRNewswire/ -- CN Energy Group. Inc.",0,2024-03-15 13:30
2024-05-09 04:00,0.7990000247955322,20500,CN Energy Group Receives Re-order from Water Purification Customer for its Activated Carbon - CN Energy Group  ( NASDAQ:CNEY ) ,"LISHUI, China, March 15, 2024 /PRNewswire/ -- CN Energy Group. Inc.",0,2024-03-15 13:30
2024-05-08 04:00,0.7400000095367432,16700,CN Energy Group Receives Re-order from Water Purification Customer for its Activated Carbon - CN Energy Group  ( NASDAQ:CNEY ) ,"LISHUI, China, March 15, 2024 /PRNewswire/ -- CN Energy Group. Inc.",0,2024-03-15 13:30
2024-05-07 04:00,0.7879999876022339,14600,CN Energy Group Receives Re-order from Water Purification Customer for its Activated Carbon - CN Energy Group  ( NASDAQ:CNEY ) ,"LISHUI, China, March 15, 2024 /PRNewswire/ -- CN Energy Group. Inc.",0,2024-03-15 13:30
2024-05-06 04:00,0.8730000257492065,56700,CN Energy Group Receives Re-order from Water Purification Customer for its Activated Carbon - CN Energy Group  ( NASDAQ:CNEY ) ,"LISHUI, China, March 15, 2024 /PRNewswire/ -- CN Energy Group. Inc.",0,2024-03-15 13:30
2024-05-03 04:00,0.7200000286102295,25600,CN Energy Group Receives Re-order from Water Purification Customer for its Activated Carbon - CN Energy Group  ( NASDAQ:CNEY ) ,"LISHUI, China, March 15, 2024 /PRNewswire/ -- CN Energy Group. Inc.",0,2024-03-15 13:30
2024-05-02 04:00,0.7820000052452087,15700,CN Energy Group Receives Re-order from Water Purification Customer for its Activated Carbon - CN Energy Group  ( NASDAQ:CNEY ) ,"LISHUI, China, March 15, 2024 /PRNewswire/ -- CN Energy Group. Inc.",0,2024-03-15 13:30
2024-05-01 04:00,0.7850000262260437,11900,CN Energy Group Receives Re-order from Water Purification Customer for its Activated Carbon - CN Energy Group  ( NASDAQ:CNEY ) ,"LISHUI, China, March 15, 2024 /PRNewswire/ -- CN Energy Group. Inc.",0,2024-03-15 13:30
2024-04-30 04:00,0.7699999809265137,4400,CN Energy Group Receives Re-order from Water Purification Customer for its Activated Carbon - CN Energy Group  ( NASDAQ:CNEY ) ,"LISHUI, China, March 15, 2024 /PRNewswire/ -- CN Energy Group. Inc.",0,2024-03-15 13:30
2024-04-29 04:00,0.7929999828338623,24200,CN Energy Group Receives Re-order from Water Purification Customer for its Activated Carbon - CN Energy Group  ( NASDAQ:CNEY ) ,"LISHUI, China, March 15, 2024 /PRNewswire/ -- CN Energy Group. Inc.",0,2024-03-15 13:30
2024-04-26 04:00,0.7870000004768372,21000,CN Energy Group Receives Re-order from Water Purification Customer for its Activated Carbon - CN Energy Group  ( NASDAQ:CNEY ) ,"LISHUI, China, March 15, 2024 /PRNewswire/ -- CN Energy Group. Inc.",0,2024-03-15 13:30
2024-04-25 04:00,0.7730000019073486,22600,CN Energy Group Receives Re-order from Water Purification Customer for its Activated Carbon - CN Energy Group  ( NASDAQ:CNEY ) ,"LISHUI, China, March 15, 2024 /PRNewswire/ -- CN Energy Group. Inc.",0,2024-03-15 13:30
2024-04-24 04:00,0.781000018,34000,CN Energy Group Receives Re-order from Water Purification Customer for its Activated Carbon - CN Energy Group  ( NASDAQ:CNEY ) ,"LISHUI, China, March 15, 2024 /PRNewswire/ -- CN Energy Group. Inc.",0,2024-03-15 13:30
2024-04-23 04:00,0.75,18700,CN Energy Group Receives Re-order from Water Purification Customer for its Activated Carbon - CN Energy Group  ( NASDAQ:CNEY ) ,"LISHUI, China, March 15, 2024 /PRNewswire/ -- CN Energy Group. Inc.",0,2024-03-15 13:30
2024-04-22 04:00,0.7200000286102295,17300,CN Energy Group Receives Re-order from Water Purification Customer for its Activated Carbon - CN Energy Group  ( NASDAQ:CNEY ) ,"LISHUI, China, March 15, 2024 /PRNewswire/ -- CN Energy Group. Inc.",0,2024-03-15 13:30
2024-04-19 04:00,0.7099999785423279,40300,CN Energy Group Receives Re-order from Water Purification Customer for its Activated Carbon - CN Energy Group  ( NASDAQ:CNEY ) ,"LISHUI, China, March 15, 2024 /PRNewswire/ -- CN Energy Group. Inc.",0,2024-03-15 13:30
2024-04-18 04:00,0.75,39700,CN Energy Group Receives Re-order from Water Purification Customer for its Activated Carbon - CN Energy Group  ( NASDAQ:CNEY ) ,"LISHUI, China, March 15, 2024 /PRNewswire/ -- CN Energy Group. Inc.",0,2024-03-15 13:30
2024-04-17 04:00,0.7350000143051147,95200,CN Energy Group Receives Re-order from Water Purification Customer for its Activated Carbon - CN Energy Group  ( NASDAQ:CNEY ) ,"LISHUI, China, March 15, 2024 /PRNewswire/ -- CN Energy Group. Inc.",0,2024-03-15 13:30
2024-04-16 04:00,0.7099999785423279,315400,CN Energy Group Receives Re-order from Water Purification Customer for its Activated Carbon - CN Energy Group  ( NASDAQ:CNEY ) ,"LISHUI, China, March 15, 2024 /PRNewswire/ -- CN Energy Group. Inc.",0,2024-03-15 13:30
2024-04-15 04:00,0.9300000071525574,303400,CN Energy Group Receives Re-order from Water Purification Customer for its Activated Carbon - CN Energy Group  ( NASDAQ:CNEY ) ,"LISHUI, China, March 15, 2024 /PRNewswire/ -- CN Energy Group. Inc.",0,2024-03-15 13:30
2024-04-12 04:00,1.1399999856948853,3111700,CN Energy Group Receives Re-order from Water Purification Customer for its Activated Carbon - CN Energy Group  ( NASDAQ:CNEY ) ,"LISHUI, China, March 15, 2024 /PRNewswire/ -- CN Energy Group. Inc.",0,2024-03-15 13:30
2024-04-11 04:00,1.0180000066757202,188000,CN Energy Group Receives Re-order from Water Purification Customer for its Activated Carbon - CN Energy Group  ( NASDAQ:CNEY ) ,"LISHUI, China, March 15, 2024 /PRNewswire/ -- CN Energy Group. Inc.",0,2024-03-15 13:30
2024-04-10 04:00,1.100000023841858,211500,CN Energy Group Receives Re-order from Water Purification Customer for its Activated Carbon - CN Energy Group  ( NASDAQ:CNEY ) ,"LISHUI, China, March 15, 2024 /PRNewswire/ -- CN Energy Group. Inc.",0,2024-03-15 13:30
2024-04-09 04:00,1.149999976158142,51300,CN Energy Group Receives Re-order from Water Purification Customer for its Activated Carbon - CN Energy Group  ( NASDAQ:CNEY ) ,"LISHUI, China, March 15, 2024 /PRNewswire/ -- CN Energy Group. Inc.",0,2024-03-15 13:30
2024-04-08 04:00,1.2599999904632568,103700,CN Energy Group Receives Re-order from Water Purification Customer for its Activated Carbon - CN Energy Group  ( NASDAQ:CNEY ) ,"LISHUI, China, March 15, 2024 /PRNewswire/ -- CN Energy Group. Inc.",0,2024-03-15 13:30
2024-04-05 04:00,1.2300000190734863,66900,CN Energy Group Receives Re-order from Water Purification Customer for its Activated Carbon - CN Energy Group  ( NASDAQ:CNEY ) ,"LISHUI, China, March 15, 2024 /PRNewswire/ -- CN Energy Group. Inc.",0,2024-03-15 13:30
2024-04-04 04:00,1.2300000190734863,69800,CN Energy Group Receives Re-order from Water Purification Customer for its Activated Carbon - CN Energy Group  ( NASDAQ:CNEY ) ,"LISHUI, China, March 15, 2024 /PRNewswire/ -- CN Energy Group. Inc.",0,2024-03-15 13:30
2024-04-03 04:00,1.159999966621399,47100,CN Energy Group Receives Re-order from Water Purification Customer for its Activated Carbon - CN Energy Group  ( NASDAQ:CNEY ) ,"LISHUI, China, March 15, 2024 /PRNewswire/ -- CN Energy Group. Inc.",0,2024-03-15 13:30
2024-04-02 04:00,1.159999966621399,174800,CN Energy Group Receives Re-order from Water Purification Customer for its Activated Carbon - CN Energy Group  ( NASDAQ:CNEY ) ,"LISHUI, China, March 15, 2024 /PRNewswire/ -- CN Energy Group. Inc.",0,2024-03-15 13:30
2024-04-01 04:00,1.1200000047683716,41800,CN Energy Group Receives Re-order from Water Purification Customer for its Activated Carbon - CN Energy Group  ( NASDAQ:CNEY ) ,"LISHUI, China, March 15, 2024 /PRNewswire/ -- CN Energy Group. Inc.",0,2024-03-15 13:30
2024-03-28 04:00,1.059999942779541,60600,CN Energy Group Receives Re-order from Water Purification Customer for its Activated Carbon - CN Energy Group  ( NASDAQ:CNEY ) ,"LISHUI, China, March 15, 2024 /PRNewswire/ -- CN Energy Group. Inc.",0,2024-03-15 13:30
2024-03-27 04:00,1.0099999904632568,30100,CN Energy Group Receives Re-order from Water Purification Customer for its Activated Carbon - CN Energy Group  ( NASDAQ:CNEY ) ,"LISHUI, China, March 15, 2024 /PRNewswire/ -- CN Energy Group. Inc.",0,2024-03-15 13:30
2024-03-26 04:00,1,72400,CN Energy Group Receives Re-order from Water Purification Customer for its Activated Carbon - CN Energy Group  ( NASDAQ:CNEY ) ,"LISHUI, China, March 15, 2024 /PRNewswire/ -- CN Energy Group. Inc.",0,2024-03-15 13:30
2024-03-25 04:00,1.0299999713897705,44300,CN Energy Group Receives Re-order from Water Purification Customer for its Activated Carbon - CN Energy Group  ( NASDAQ:CNEY ) ,"LISHUI, China, March 15, 2024 /PRNewswire/ -- CN Energy Group. Inc.",0,2024-03-15 13:30
2024-03-22 04:00,1.0499999523162842,30200,CN Energy Group Receives Re-order from Water Purification Customer for its Activated Carbon - CN Energy Group  ( NASDAQ:CNEY ) ,"LISHUI, China, March 15, 2024 /PRNewswire/ -- CN Energy Group. Inc.",0,2024-03-15 13:30
2024-03-21 04:00,1.0800000429153442,29400,CN Energy Group Receives Re-order from Water Purification Customer for its Activated Carbon - CN Energy Group  ( NASDAQ:CNEY ) ,"LISHUI, China, March 15, 2024 /PRNewswire/ -- CN Energy Group. Inc.",0,2024-03-15 13:30
2024-03-20 04:00,1.0700000524520874,33700,CN Energy Group Receives Re-order from Water Purification Customer for its Activated Carbon - CN Energy Group  ( NASDAQ:CNEY ) ,"LISHUI, China, March 15, 2024 /PRNewswire/ -- CN Energy Group. Inc.",0,2024-03-15 13:30
2024-03-19 04:00,1.0700000524520874,42600,CN Energy Group Receives Re-order from Water Purification Customer for its Activated Carbon - CN Energy Group  ( NASDAQ:CNEY ) ,"LISHUI, China, March 15, 2024 /PRNewswire/ -- CN Energy Group. Inc.",0,2024-03-15 13:30
2024-03-18 04:00,1.1200000047683716,27700,CN Energy Group Receives Re-order from Water Purification Customer for its Activated Carbon - CN Energy Group  ( NASDAQ:CNEY ) ,"LISHUI, China, March 15, 2024 /PRNewswire/ -- CN Energy Group. Inc.",0,2024-03-15 13:30
2024-03-15 04:00,1.149999976158142,26800,"Why NeoGenomics Shares Are Trading Higher By Around 13%; Here Are 20 Stocks Moving Premarket - Biofrontera  ( NASDAQ:BFRI ) , Avinger  ( NASDAQ:AVGR ) ","Shares of NeoGenomics, Inc. NEO rose sharply in today's pre-market trading after the company reported better-than-expected fourth-quarter financial results and issued FY24 adjusted EPS guidance above estimates.",0.016964285714285713,2024-02-21 13:06
2024-03-14 04:00,1.149999976158142,59100,"Why NeoGenomics Shares Are Trading Higher By Around 13%; Here Are 20 Stocks Moving Premarket - Biofrontera  ( NASDAQ:BFRI ) , Avinger  ( NASDAQ:AVGR ) ","Shares of NeoGenomics, Inc. NEO rose sharply in today's pre-market trading after the company reported better-than-expected fourth-quarter financial results and issued FY24 adjusted EPS guidance above estimates.",0.033928571428571426,2024-02-21 13:06
2024-03-13 04:00,1.2400000095367432,28800,"Why NeoGenomics Shares Are Trading Higher By Around 13%; Here Are 20 Stocks Moving Premarket - Biofrontera  ( NASDAQ:BFRI ) , Avinger  ( NASDAQ:AVGR ) ","Shares of NeoGenomics, Inc. NEO rose sharply in today's pre-market trading after the company reported better-than-expected fourth-quarter financial results and issued FY24 adjusted EPS guidance above estimates.",0.050892857142857136,2024-02-21 13:06
2024-03-12 04:00,1.2400000095367432,34400,"Why NeoGenomics Shares Are Trading Higher By Around 13%; Here Are 20 Stocks Moving Premarket - Biofrontera  ( NASDAQ:BFRI ) , Avinger  ( NASDAQ:AVGR ) ","Shares of NeoGenomics, Inc. NEO rose sharply in today's pre-market trading after the company reported better-than-expected fourth-quarter financial results and issued FY24 adjusted EPS guidance above estimates.",0.067857143,2024-02-21 13:06
2024-03-11 04:00,1.2799999713897705,58800,"Why NeoGenomics Shares Are Trading Higher By Around 13%; Here Are 20 Stocks Moving Premarket - Biofrontera  ( NASDAQ:BFRI ) , Avinger  ( NASDAQ:AVGR ) ","Shares of NeoGenomics, Inc. NEO rose sharply in today's pre-market trading after the company reported better-than-expected fourth-quarter financial results and issued FY24 adjusted EPS guidance above estimates.",0.084821429,2024-02-21 13:06
2024-03-08 05:00,1.2999999523162842,45000,"Why NeoGenomics Shares Are Trading Higher By Around 13%; Here Are 20 Stocks Moving Premarket - Biofrontera  ( NASDAQ:BFRI ) , Avinger  ( NASDAQ:AVGR ) ","Shares of NeoGenomics, Inc. NEO rose sharply in today's pre-market trading after the company reported better-than-expected fourth-quarter financial results and issued FY24 adjusted EPS guidance above estimates.",0.10178571428571427,2024-02-21 13:06
2024-03-07 05:00,1.25,58400,"Why NeoGenomics Shares Are Trading Higher By Around 13%; Here Are 20 Stocks Moving Premarket - Biofrontera  ( NASDAQ:BFRI ) , Avinger  ( NASDAQ:AVGR ) ","Shares of NeoGenomics, Inc. NEO rose sharply in today's pre-market trading after the company reported better-than-expected fourth-quarter financial results and issued FY24 adjusted EPS guidance above estimates.",0.11875,2024-02-21 13:06
2024-03-06 05:00,1.2799999713897705,51800,"Why NeoGenomics Shares Are Trading Higher By Around 13%; Here Are 20 Stocks Moving Premarket - Biofrontera  ( NASDAQ:BFRI ) , Avinger  ( NASDAQ:AVGR ) ","Shares of NeoGenomics, Inc. NEO rose sharply in today's pre-market trading after the company reported better-than-expected fourth-quarter financial results and issued FY24 adjusted EPS guidance above estimates.",0.11875,2024-02-21 13:06
2024-03-05 05:00,1.2699999809265137,85500,"Why NeoGenomics Shares Are Trading Higher By Around 13%; Here Are 20 Stocks Moving Premarket - Biofrontera  ( NASDAQ:BFRI ) , Avinger  ( NASDAQ:AVGR ) ","Shares of NeoGenomics, Inc. NEO rose sharply in today's pre-market trading after the company reported better-than-expected fourth-quarter financial results and issued FY24 adjusted EPS guidance above estimates.",0.11875,2024-02-21 13:06
2024-03-04 05:00,1.2899999618530271,72700,"Why NeoGenomics Shares Are Trading Higher By Around 13%; Here Are 20 Stocks Moving Premarket - Biofrontera  ( NASDAQ:BFRI ) , Avinger  ( NASDAQ:AVGR ) ","Shares of NeoGenomics, Inc. NEO rose sharply in today's pre-market trading after the company reported better-than-expected fourth-quarter financial results and issued FY24 adjusted EPS guidance above estimates.",0.11875,2024-02-21 13:06
2024-03-01 05:00,1.3250000476837158,145900,"Why NeoGenomics Shares Are Trading Higher By Around 13%; Here Are 20 Stocks Moving Premarket - Biofrontera  ( NASDAQ:BFRI ) , Avinger  ( NASDAQ:AVGR ) ","Shares of NeoGenomics, Inc. NEO rose sharply in today's pre-market trading after the company reported better-than-expected fourth-quarter financial results and issued FY24 adjusted EPS guidance above estimates.",0.11875,2024-02-21 13:06
2024-02-29 05:00,1.350000023841858,97500,"Why NeoGenomics Shares Are Trading Higher By Around 13%; Here Are 20 Stocks Moving Premarket - Biofrontera  ( NASDAQ:BFRI ) , Avinger  ( NASDAQ:AVGR ) ","Shares of NeoGenomics, Inc. NEO rose sharply in today's pre-market trading after the company reported better-than-expected fourth-quarter financial results and issued FY24 adjusted EPS guidance above estimates.",0.11875,2024-02-21 13:06
2024-02-28 05:00,1.4199999570846558,79900,"Why NeoGenomics Shares Are Trading Higher By Around 13%; Here Are 20 Stocks Moving Premarket - Biofrontera  ( NASDAQ:BFRI ) , Avinger  ( NASDAQ:AVGR ) ","Shares of NeoGenomics, Inc. NEO rose sharply in today's pre-market trading after the company reported better-than-expected fourth-quarter financial results and issued FY24 adjusted EPS guidance above estimates.",0.11875,2024-02-21 13:06
2024-02-27 05:00,1.4700000286102295,177500,"Why NeoGenomics Shares Are Trading Higher By Around 13%; Here Are 20 Stocks Moving Premarket - Biofrontera  ( NASDAQ:BFRI ) , Avinger  ( NASDAQ:AVGR ) ","Shares of NeoGenomics, Inc. NEO rose sharply in today's pre-market trading after the company reported better-than-expected fourth-quarter financial results and issued FY24 adjusted EPS guidance above estimates.",0.11875,2024-02-21 13:06
2024-02-26 05:00,1.440000057220459,133700,"Why NeoGenomics Shares Are Trading Higher By Around 13%; Here Are 20 Stocks Moving Premarket - Biofrontera  ( NASDAQ:BFRI ) , Avinger  ( NASDAQ:AVGR ) ","Shares of NeoGenomics, Inc. NEO rose sharply in today's pre-market trading after the company reported better-than-expected fourth-quarter financial results and issued FY24 adjusted EPS guidance above estimates.",0.11875,2024-02-21 13:06
2024-02-23 05:00,1.4900000095367432,241500,"Why NeoGenomics Shares Are Trading Higher By Around 13%; Here Are 20 Stocks Moving Premarket - Biofrontera  ( NASDAQ:BFRI ) , Avinger  ( NASDAQ:AVGR ) ","Shares of NeoGenomics, Inc. NEO rose sharply in today's pre-market trading after the company reported better-than-expected fourth-quarter financial results and issued FY24 adjusted EPS guidance above estimates.",0.11875,2024-02-21 13:06
2024-02-22 05:00,1.5800000429153442,451200,"Why NeoGenomics Shares Are Trading Higher By Around 13%; Here Are 20 Stocks Moving Premarket - Biofrontera  ( NASDAQ:BFRI ) , Avinger  ( NASDAQ:AVGR ) ","Shares of NeoGenomics, Inc. NEO rose sharply in today's pre-market trading after the company reported better-than-expected fourth-quarter financial results and issued FY24 adjusted EPS guidance above estimates.",0.11875,2024-02-21 13:06
2024-02-21 05:00,1.600000023841858,16234200,"Why VCI Global Shares Are Trading Lower By Around 30%; Here Are 20 Stocks Moving Premarket - Atreca  ( NASDAQ:BCEL ) , Aeries Technology  ( NASDAQ:AERT ) ","Shares of VCI Global Limited VCIG fell sharply in pre-market trading after the company announced pricing of $2.75 million public offering. VCI Global shares tumbled 29.5% to $1.10 in pre-market trading Here are some other stocks moving in pre-market trading. Volcon, Inc.",0.094132653,2024-01-12 12:52
2024-02-20 05:00,1.3300000429153442,116200,"Why VCI Global Shares Are Trading Lower By Around 30%; Here Are 20 Stocks Moving Premarket - Atreca  ( NASDAQ:BCEL ) , Aeries Technology  ( NASDAQ:AERT ) ","Shares of VCI Global Limited VCIG fell sharply in pre-market trading after the company announced pricing of $2.75 million public offering. VCI Global shares tumbled 29.5% to $1.10 in pre-market trading Here are some other stocks moving in pre-market trading. Volcon, Inc.",0.069515306,2024-01-12 12:52
2024-02-16 05:00,1.4010000228881836,326500,"Why VCI Global Shares Are Trading Lower By Around 30%; Here Are 20 Stocks Moving Premarket - Atreca  ( NASDAQ:BCEL ) , Aeries Technology  ( NASDAQ:AERT ) ","Shares of VCI Global Limited VCIG fell sharply in pre-market trading after the company announced pricing of $2.75 million public offering. VCI Global shares tumbled 29.5% to $1.10 in pre-market trading Here are some other stocks moving in pre-market trading. Volcon, Inc.",0.044897959,2024-01-12 12:52
2024-02-15 05:00,1.5499999523162842,554300,"Why VCI Global Shares Are Trading Lower By Around 30%; Here Are 20 Stocks Moving Premarket - Atreca  ( NASDAQ:BCEL ) , Aeries Technology  ( NASDAQ:AERT ) ","Shares of VCI Global Limited VCIG fell sharply in pre-market trading after the company announced pricing of $2.75 million public offering. VCI Global shares tumbled 29.5% to $1.10 in pre-market trading Here are some other stocks moving in pre-market trading. Volcon, Inc.",0.020280612244897998,2024-01-12 12:52
2024-02-14 05:00,1.3300000429153442,5377500,"Why VCI Global Shares Are Trading Lower By Around 30%; Here Are 20 Stocks Moving Premarket - Atreca  ( NASDAQ:BCEL ) , Aeries Technology  ( NASDAQ:AERT ) ","Shares of VCI Global Limited VCIG fell sharply in pre-market trading after the company announced pricing of $2.75 million public offering. VCI Global shares tumbled 29.5% to $1.10 in pre-market trading Here are some other stocks moving in pre-market trading. Volcon, Inc.",-0.004336735,2024-01-12 12:52
2024-02-13 05:00,1.3700000047683716,125700,"Why VCI Global Shares Are Trading Lower By Around 30%; Here Are 20 Stocks Moving Premarket - Atreca  ( NASDAQ:BCEL ) , Aeries Technology  ( NASDAQ:AERT ) ","Shares of VCI Global Limited VCIG fell sharply in pre-market trading after the company announced pricing of $2.75 million public offering. VCI Global shares tumbled 29.5% to $1.10 in pre-market trading Here are some other stocks moving in pre-market trading. Volcon, Inc.",-0.028954082,2024-01-12 12:52
2024-02-12 05:00,1.2450000047683716,161000,"Why VCI Global Shares Are Trading Lower By Around 30%; Here Are 20 Stocks Moving Premarket - Atreca  ( NASDAQ:BCEL ) , Aeries Technology  ( NASDAQ:AERT ) ","Shares of VCI Global Limited VCIG fell sharply in pre-market trading after the company announced pricing of $2.75 million public offering. VCI Global shares tumbled 29.5% to $1.10 in pre-market trading Here are some other stocks moving in pre-market trading. Volcon, Inc.",-0.053571429,2024-01-12 12:52
2024-02-09 05:00,1.2599999904632568,49600,"Why VCI Global Shares Are Trading Lower By Around 30%; Here Are 20 Stocks Moving Premarket - Atreca  ( NASDAQ:BCEL ) , Aeries Technology  ( NASDAQ:AERT ) ","Shares of VCI Global Limited VCIG fell sharply in pre-market trading after the company announced pricing of $2.75 million public offering. VCI Global shares tumbled 29.5% to $1.10 in pre-market trading Here are some other stocks moving in pre-market trading. Volcon, Inc.",-0.053571429,2024-01-12 12:52
2024-02-08 05:00,1.3700000047683716,103500,"Why VCI Global Shares Are Trading Lower By Around 30%; Here Are 20 Stocks Moving Premarket - Atreca  ( NASDAQ:BCEL ) , Aeries Technology  ( NASDAQ:AERT ) ","Shares of VCI Global Limited VCIG fell sharply in pre-market trading after the company announced pricing of $2.75 million public offering. VCI Global shares tumbled 29.5% to $1.10 in pre-market trading Here are some other stocks moving in pre-market trading. Volcon, Inc.",-0.053571429,2024-01-12 12:52
2024-02-07 05:00,1.3600000143051147,37600,"Why VCI Global Shares Are Trading Lower By Around 30%; Here Are 20 Stocks Moving Premarket - Atreca  ( NASDAQ:BCEL ) , Aeries Technology  ( NASDAQ:AERT ) ","Shares of VCI Global Limited VCIG fell sharply in pre-market trading after the company announced pricing of $2.75 million public offering. VCI Global shares tumbled 29.5% to $1.10 in pre-market trading Here are some other stocks moving in pre-market trading. Volcon, Inc.",-0.053571429,2024-01-12 12:52
2024-02-06 05:00,1.409999966621399,75400,"Why VCI Global Shares Are Trading Lower By Around 30%; Here Are 20 Stocks Moving Premarket - Atreca  ( NASDAQ:BCEL ) , Aeries Technology  ( NASDAQ:AERT ) ","Shares of VCI Global Limited VCIG fell sharply in pre-market trading after the company announced pricing of $2.75 million public offering. VCI Global shares tumbled 29.5% to $1.10 in pre-market trading Here are some other stocks moving in pre-market trading. Volcon, Inc.",-0.053571429,2024-01-12 12:52
2024-02-05 05:00,1.4299999475479126,19400,"Why VCI Global Shares Are Trading Lower By Around 30%; Here Are 20 Stocks Moving Premarket - Atreca  ( NASDAQ:BCEL ) , Aeries Technology  ( NASDAQ:AERT ) ","Shares of VCI Global Limited VCIG fell sharply in pre-market trading after the company announced pricing of $2.75 million public offering. VCI Global shares tumbled 29.5% to $1.10 in pre-market trading Here are some other stocks moving in pre-market trading. Volcon, Inc.",-0.053571429,2024-01-12 12:52
2024-02-02 05:00,1.409999966621399,136700,"Why VCI Global Shares Are Trading Lower By Around 30%; Here Are 20 Stocks Moving Premarket - Atreca  ( NASDAQ:BCEL ) , Aeries Technology  ( NASDAQ:AERT ) ","Shares of VCI Global Limited VCIG fell sharply in pre-market trading after the company announced pricing of $2.75 million public offering. VCI Global shares tumbled 29.5% to $1.10 in pre-market trading Here are some other stocks moving in pre-market trading. Volcon, Inc.",-0.053571429,2024-01-12 12:52
2024-02-01 05:00,1.4600000381469729,30300,"Why VCI Global Shares Are Trading Lower By Around 30%; Here Are 20 Stocks Moving Premarket - Atreca  ( NASDAQ:BCEL ) , Aeries Technology  ( NASDAQ:AERT ) ","Shares of VCI Global Limited VCIG fell sharply in pre-market trading after the company announced pricing of $2.75 million public offering. VCI Global shares tumbled 29.5% to $1.10 in pre-market trading Here are some other stocks moving in pre-market trading. Volcon, Inc.",-0.053571429,2024-01-12 12:52
2024-01-31 05:00,1.399999976158142,35700,"Why VCI Global Shares Are Trading Lower By Around 30%; Here Are 20 Stocks Moving Premarket - Atreca  ( NASDAQ:BCEL ) , Aeries Technology  ( NASDAQ:AERT ) ","Shares of VCI Global Limited VCIG fell sharply in pre-market trading after the company announced pricing of $2.75 million public offering. VCI Global shares tumbled 29.5% to $1.10 in pre-market trading Here are some other stocks moving in pre-market trading. Volcon, Inc.",-0.053571429,2024-01-12 12:52
2024-01-30 05:00,1.340000033378601,30900,"Why VCI Global Shares Are Trading Lower By Around 30%; Here Are 20 Stocks Moving Premarket - Atreca  ( NASDAQ:BCEL ) , Aeries Technology  ( NASDAQ:AERT ) ","Shares of VCI Global Limited VCIG fell sharply in pre-market trading after the company announced pricing of $2.75 million public offering. VCI Global shares tumbled 29.5% to $1.10 in pre-market trading Here are some other stocks moving in pre-market trading. Volcon, Inc.",-0.053571429,2024-01-12 12:52
2024-01-29 05:00,1.4199999570846558,53400,"Why VCI Global Shares Are Trading Lower By Around 30%; Here Are 20 Stocks Moving Premarket - Atreca  ( NASDAQ:BCEL ) , Aeries Technology  ( NASDAQ:AERT ) ","Shares of VCI Global Limited VCIG fell sharply in pre-market trading after the company announced pricing of $2.75 million public offering. VCI Global shares tumbled 29.5% to $1.10 in pre-market trading Here are some other stocks moving in pre-market trading. Volcon, Inc.",-0.053571429,2024-01-12 12:52
2024-01-26 05:00,1.399999976158142,38400,"Why VCI Global Shares Are Trading Lower By Around 30%; Here Are 20 Stocks Moving Premarket - Atreca  ( NASDAQ:BCEL ) , Aeries Technology  ( NASDAQ:AERT ) ","Shares of VCI Global Limited VCIG fell sharply in pre-market trading after the company announced pricing of $2.75 million public offering. VCI Global shares tumbled 29.5% to $1.10 in pre-market trading Here are some other stocks moving in pre-market trading. Volcon, Inc.",-0.053571429,2024-01-12 12:52
2024-01-25 05:00,1.4500000476837158,32800,"Why VCI Global Shares Are Trading Lower By Around 30%; Here Are 20 Stocks Moving Premarket - Atreca  ( NASDAQ:BCEL ) , Aeries Technology  ( NASDAQ:AERT ) ","Shares of VCI Global Limited VCIG fell sharply in pre-market trading after the company announced pricing of $2.75 million public offering. VCI Global shares tumbled 29.5% to $1.10 in pre-market trading Here are some other stocks moving in pre-market trading. Volcon, Inc.",-0.053571429,2024-01-12 12:52
2024-01-24 05:00,1.5,163000,"Why VCI Global Shares Are Trading Lower By Around 30%; Here Are 20 Stocks Moving Premarket - Atreca  ( NASDAQ:BCEL ) , Aeries Technology  ( NASDAQ:AERT ) ","Shares of VCI Global Limited VCIG fell sharply in pre-market trading after the company announced pricing of $2.75 million public offering. VCI Global shares tumbled 29.5% to $1.10 in pre-market trading Here are some other stocks moving in pre-market trading. Volcon, Inc.",-0.053571429,2024-01-12 12:52
2024-01-23 05:00,1.600000023841858,251200,"Why VCI Global Shares Are Trading Lower By Around 30%; Here Are 20 Stocks Moving Premarket - Atreca  ( NASDAQ:BCEL ) , Aeries Technology  ( NASDAQ:AERT ) ","Shares of VCI Global Limited VCIG fell sharply in pre-market trading after the company announced pricing of $2.75 million public offering. VCI Global shares tumbled 29.5% to $1.10 in pre-market trading Here are some other stocks moving in pre-market trading. Volcon, Inc.",-0.053571429,2024-01-12 12:52
2024-01-22 05:00,1.830000042915344,166100,"Why VCI Global Shares Are Trading Lower By Around 30%; Here Are 20 Stocks Moving Premarket - Atreca  ( NASDAQ:BCEL ) , Aeries Technology  ( NASDAQ:AERT ) ","Shares of VCI Global Limited VCIG fell sharply in pre-market trading after the company announced pricing of $2.75 million public offering. VCI Global shares tumbled 29.5% to $1.10 in pre-market trading Here are some other stocks moving in pre-market trading. Volcon, Inc.",-0.053571429,2024-01-12 12:52
2024-01-19 05:00,1.600000023841858,327700,"Why VCI Global Shares Are Trading Lower By Around 30%; Here Are 20 Stocks Moving Premarket - Atreca  ( NASDAQ:BCEL ) , Aeries Technology  ( NASDAQ:AERT ) ","Shares of VCI Global Limited VCIG fell sharply in pre-market trading after the company announced pricing of $2.75 million public offering. VCI Global shares tumbled 29.5% to $1.10 in pre-market trading Here are some other stocks moving in pre-market trading. Volcon, Inc.",-0.053571429,2024-01-12 12:52
2024-01-18 05:00,1.559999942779541,175790,"Why VCI Global Shares Are Trading Lower By Around 30%; Here Are 20 Stocks Moving Premarket - Atreca  ( NASDAQ:BCEL ) , Aeries Technology  ( NASDAQ:AERT ) ","Shares of VCI Global Limited VCIG fell sharply in pre-market trading after the company announced pricing of $2.75 million public offering. VCI Global shares tumbled 29.5% to $1.10 in pre-market trading Here are some other stocks moving in pre-market trading. Volcon, Inc.",-0.053571429,2024-01-12 12:52
2024-01-17 05:00,1.649999976158142,227357,"Why VCI Global Shares Are Trading Lower By Around 30%; Here Are 20 Stocks Moving Premarket - Atreca  ( NASDAQ:BCEL ) , Aeries Technology  ( NASDAQ:AERT ) ","Shares of VCI Global Limited VCIG fell sharply in pre-market trading after the company announced pricing of $2.75 million public offering. VCI Global shares tumbled 29.5% to $1.10 in pre-market trading Here are some other stocks moving in pre-market trading. Volcon, Inc.",-0.053571429,2024-01-12 12:52
2024-01-16 05:00,1.559999942779541,79590,"Why VCI Global Shares Are Trading Lower By Around 30%; Here Are 20 Stocks Moving Premarket - Atreca  ( NASDAQ:BCEL ) , Aeries Technology  ( NASDAQ:AERT ) ","Shares of VCI Global Limited VCIG fell sharply in pre-market trading after the company announced pricing of $2.75 million public offering. VCI Global shares tumbled 29.5% to $1.10 in pre-market trading Here are some other stocks moving in pre-market trading. Volcon, Inc.",-0.053571429,2024-01-12 12:52
2024-01-12 05:00,1.649999976158142,69990,"Why Juniper Networks Shares Are Trading Higher By Over 23%; Here Are 20 Stocks Moving Premarket - Bit Brother  ( NASDAQ:BETS ) , ARB IOT Group  ( NASDAQ:ARBB ) ","Shares of Juniper Networks, Inc. JNPR rose sharply in pre-market trading on Tuesday. Hewlett Packard Enterprise Co HPE is reportedly in advanced discussions to acquire networking equipment competitor Juniper Networks. Juniper Networks shares climbed 23.3% to $37.26 in pre-market trading.",-0.004251701,2024-01-09 13:23
2024-01-11 05:00,1.5299999713897705,52577,"Why Juniper Networks Shares Are Trading Higher By Over 23%; Here Are 20 Stocks Moving Premarket - Bit Brother  ( NASDAQ:BETS ) , ARB IOT Group  ( NASDAQ:ARBB ) ","Shares of Juniper Networks, Inc. JNPR rose sharply in pre-market trading on Tuesday. Hewlett Packard Enterprise Co HPE is reportedly in advanced discussions to acquire networking equipment competitor Juniper Networks. Juniper Networks shares climbed 23.3% to $37.26 in pre-market trading.",0.045068027,2024-01-09 13:23
2024-01-10 05:00,1.590000033378601,71707,"Why Juniper Networks Shares Are Trading Higher By Over 23%; Here Are 20 Stocks Moving Premarket - Bit Brother  ( NASDAQ:BETS ) , ARB IOT Group  ( NASDAQ:ARBB ) ","Shares of Juniper Networks, Inc. JNPR rose sharply in pre-market trading on Tuesday. Hewlett Packard Enterprise Co HPE is reportedly in advanced discussions to acquire networking equipment competitor Juniper Networks. Juniper Networks shares climbed 23.3% to $37.26 in pre-market trading.",0.094387755,2024-01-09 13:23
2024-01-09 05:00,1.559999942779541,118403,"Why Titan Pharmaceuticals Shares Are Trading Higher By 15%; Here Are 20 Stocks Moving Premarket - Bone Biologics  ( NASDAQ:BBLG ) , Asset Entities  ( NASDAQ:ASST ) ","Shares of Titan Pharmaceuticals, Inc. TTNP rose sharply in today's pre-market trading session. Titan Pharmaceuticals said its Board of Directors has approved a 1-for-20 reverse stock split. Titan Pharmaceuticals shares jumped 15.2% to $0.38 in pre-market trading.",0.13596938775510206,2023-12-29 13:51
2024-01-08 05:00,1.6799999475479126,129457,"Why Titan Pharmaceuticals Shares Are Trading Higher By 15%; Here Are 20 Stocks Moving Premarket - Bone Biologics  ( NASDAQ:BBLG ) , Asset Entities  ( NASDAQ:ASST ) ","Shares of Titan Pharmaceuticals, Inc. TTNP rose sharply in today's pre-market trading session. Titan Pharmaceuticals said its Board of Directors has approved a 1-for-20 reverse stock split. Titan Pharmaceuticals shares jumped 15.2% to $0.38 in pre-market trading.",0.1775510204081633,2023-12-29 13:51
2024-01-05 05:00,1.7100000381469729,141693,"Why Titan Pharmaceuticals Shares Are Trading Higher By 15%; Here Are 20 Stocks Moving Premarket - Bone Biologics  ( NASDAQ:BBLG ) , Asset Entities  ( NASDAQ:ASST ) ","Shares of Titan Pharmaceuticals, Inc. TTNP rose sharply in today's pre-market trading session. Titan Pharmaceuticals said its Board of Directors has approved a 1-for-20 reverse stock split. Titan Pharmaceuticals shares jumped 15.2% to $0.38 in pre-market trading.",0.2191326530612245,2023-12-29 13:51
2024-01-04 05:00,1.830000042915344,79530,"Why Titan Pharmaceuticals Shares Are Trading Higher By 15%; Here Are 20 Stocks Moving Premarket - Bone Biologics  ( NASDAQ:BBLG ) , Asset Entities  ( NASDAQ:ASST ) ","Shares of Titan Pharmaceuticals, Inc. TTNP rose sharply in today's pre-market trading session. Titan Pharmaceuticals said its Board of Directors has approved a 1-for-20 reverse stock split. Titan Pharmaceuticals shares jumped 15.2% to $0.38 in pre-market trading.",0.26071428571428573,2023-12-29 13:51
2024-01-03 05:00,1.830000042915344,83887,"Why Titan Pharmaceuticals Shares Are Trading Higher By 15%; Here Are 20 Stocks Moving Premarket - Bone Biologics  ( NASDAQ:BBLG ) , Asset Entities  ( NASDAQ:ASST ) ","Shares of Titan Pharmaceuticals, Inc. TTNP rose sharply in today's pre-market trading session. Titan Pharmaceuticals said its Board of Directors has approved a 1-for-20 reverse stock split. Titan Pharmaceuticals shares jumped 15.2% to $0.38 in pre-market trading.",0.25297619047619047,2023-12-29 13:51
2024-01-02 05:00,1.7999999523162842,119813,"Why Titan Pharmaceuticals Shares Are Trading Higher By 15%; Here Are 20 Stocks Moving Premarket - Bone Biologics  ( NASDAQ:BBLG ) , Asset Entities  ( NASDAQ:ASST ) ","Shares of Titan Pharmaceuticals, Inc. TTNP rose sharply in today's pre-market trading session. Titan Pharmaceuticals said its Board of Directors has approved a 1-for-20 reverse stock split. Titan Pharmaceuticals shares jumped 15.2% to $0.38 in pre-market trading.",0.24523809523809523,2023-12-29 13:51
2023-12-29 05:00,2.009999990463257,763633,"Why Rocket Lab Shares Are Trading Higher By 15%; Here Are 20 Stocks Moving Premarket - Advent Technologies Hldgs  ( NASDAQ:ADN ) , Asset Entities  ( NASDAQ:ASST ) ","Shares of Rocket Lab USA, Inc. RKLB shares rose sharply in pre-market trading after the company announced a new $515 million contract with a U.S. government customer.",0.23268398268398263,2023-12-22 12:58
2023-12-28 05:00,1.7999999523162842,2029713,"Why Rocket Lab Shares Are Trading Higher By 15%; Here Are 20 Stocks Moving Premarket - Advent Technologies Hldgs  ( NASDAQ:ADN ) , Asset Entities  ( NASDAQ:ASST ) ","Shares of Rocket Lab USA, Inc. RKLB shares rose sharply in pre-market trading after the company announced a new $515 million contract with a U.S. government customer.",0.22786796536796536,2023-12-22 12:58
2023-12-27 05:00,1.5,134497,"Why Rocket Lab Shares Are Trading Higher By 15%; Here Are 20 Stocks Moving Premarket - Advent Technologies Hldgs  ( NASDAQ:ADN ) , Asset Entities  ( NASDAQ:ASST ) ","Shares of Rocket Lab USA, Inc. RKLB shares rose sharply in pre-market trading after the company announced a new $515 million contract with a U.S. government customer.",0.223051948,2023-12-22 12:58
2023-12-26 05:00,1.8600000143051147,21920,"Why Rocket Lab Shares Are Trading Higher By 15%; Here Are 20 Stocks Moving Premarket - Advent Technologies Hldgs  ( NASDAQ:ADN ) , Asset Entities  ( NASDAQ:ASST ) ","Shares of Rocket Lab USA, Inc. RKLB shares rose sharply in pre-market trading after the company announced a new $515 million contract with a U.S. government customer.",0.2182359307359307,2023-12-22 12:58
2023-12-22 05:00,1.8899999856948853,89623,"Top 3 Materials Stocks That Could Lead To Your Biggest Gains In December - CN Energy Group  ( NASDAQ:CNEY ) , ReTo Eco-Solutions  ( NASDAQ:RETO ) ","The most oversold stocks in the materials sector presents an opportunity to buy into undervalued companies. The RSI is a momentum indicator, which compares a stock's strength on days when prices go up to its strength on days when prices go down.",0.20891053391053388,2023-12-21 12:03
2023-12-21 05:00,1.919999957084656,96277,"Why UP Fintech Shares Are Trading Higher By Around 7%; Here Are 20 Stocks Moving Premarket - AgriFORCE Growing Systems  ( NASDAQ:AGRI ) , Apollomics  ( NASDAQ:APLM ) ","Shares of UP Fintech Holding Limited TIGR surged in pre-market trading after the company results for the third quarter. UP Fintech Holding posted adjusted EPADS of 10 cents up from 4 cents in the year-ago period. The company's quarterly sales came in at $70.10 million versus, $55.41 million a ...",0.16987992166563592,2023-11-27 13:10
2023-12-20 05:00,2.069999933242798,242137,"Why UP Fintech Shares Are Trading Higher By Around 7%; Here Are 20 Stocks Moving Premarket - AgriFORCE Growing Systems  ( NASDAQ:AGRI ) , Apollomics  ( NASDAQ:APLM ) ","Shares of UP Fintech Holding Limited TIGR surged in pre-market trading after the company results for the third quarter. UP Fintech Holding posted adjusted EPADS of 10 cents up from 4 cents in the year-ago period. The company's quarterly sales came in at $70.10 million versus, $55.41 million a ...",0.13084930942073794,2023-11-27 13:10
2023-12-19 05:00,2.5799999237060547,40607,"Why UP Fintech Shares Are Trading Higher By Around 7%; Here Are 20 Stocks Moving Premarket - AgriFORCE Growing Systems  ( NASDAQ:AGRI ) , Apollomics  ( NASDAQ:APLM ) ","Shares of UP Fintech Holding Limited TIGR surged in pre-market trading after the company results for the third quarter. UP Fintech Holding posted adjusted EPADS of 10 cents up from 4 cents in the year-ago period. The company's quarterly sales came in at $70.10 million versus, $55.41 million a ...",0.096634714,2023-11-27 13:10
2023-12-18 05:00,2.6700000762939453,35240,"Why UP Fintech Shares Are Trading Higher By Around 7%; Here Are 20 Stocks Moving Premarket - AgriFORCE Growing Systems  ( NASDAQ:AGRI ) , Apollomics  ( NASDAQ:APLM ) ","Shares of UP Fintech Holding Limited TIGR surged in pre-market trading after the company results for the third quarter. UP Fintech Holding posted adjusted EPADS of 10 cents up from 4 cents in the year-ago period. The company's quarterly sales came in at $70.10 million versus, $55.41 million a ...",0.062420119562976696,2023-11-27 13:10
2023-12-15 05:00,2.700000047683716,26567,"Why UP Fintech Shares Are Trading Higher By Around 7%; Here Are 20 Stocks Moving Premarket - AgriFORCE Growing Systems  ( NASDAQ:AGRI ) , Apollomics  ( NASDAQ:APLM ) ","Shares of UP Fintech Holding Limited TIGR surged in pre-market trading after the company results for the third quarter. UP Fintech Holding posted adjusted EPADS of 10 cents up from 4 cents in the year-ago period. The company's quarterly sales came in at $70.10 million versus, $55.41 million a ...",0.028205525,2023-11-27 13:10
2023-12-14 05:00,3,20387,"Why UP Fintech Shares Are Trading Higher By Around 7%; Here Are 20 Stocks Moving Premarket - AgriFORCE Growing Systems  ( NASDAQ:AGRI ) , Apollomics  ( NASDAQ:APLM ) ","Shares of UP Fintech Holding Limited TIGR surged in pre-market trading after the company results for the third quarter. UP Fintech Holding posted adjusted EPADS of 10 cents up from 4 cents in the year-ago period. The company's quarterly sales came in at $70.10 million versus, $55.41 million a ...",-0.00600907,2023-11-27 13:10
2023-12-13 05:00,3.0899999141693115,54923,"Why UP Fintech Shares Are Trading Higher By Around 7%; Here Are 20 Stocks Moving Premarket - AgriFORCE Growing Systems  ( NASDAQ:AGRI ) , Apollomics  ( NASDAQ:APLM ) ","Shares of UP Fintech Holding Limited TIGR surged in pre-market trading after the company results for the third quarter. UP Fintech Holding posted adjusted EPADS of 10 cents up from 4 cents in the year-ago period. The company's quarterly sales came in at $70.10 million versus, $55.41 million a ...",-0.035714286,2023-11-27 13:10
2023-12-12 05:00,2.940000057220459,74353,"Why UP Fintech Shares Are Trading Higher By Around 7%; Here Are 20 Stocks Moving Premarket - AgriFORCE Growing Systems  ( NASDAQ:AGRI ) , Apollomics  ( NASDAQ:APLM ) ","Shares of UP Fintech Holding Limited TIGR surged in pre-market trading after the company results for the third quarter. UP Fintech Holding posted adjusted EPADS of 10 cents up from 4 cents in the year-ago period. The company's quarterly sales came in at $70.10 million versus, $55.41 million a ...",-0.035714286,2023-11-27 13:10
2023-12-11 05:00,2.6700000762939453,23370,"Why UP Fintech Shares Are Trading Higher By Around 7%; Here Are 20 Stocks Moving Premarket - AgriFORCE Growing Systems  ( NASDAQ:AGRI ) , Apollomics  ( NASDAQ:APLM ) ","Shares of UP Fintech Holding Limited TIGR surged in pre-market trading after the company results for the third quarter. UP Fintech Holding posted adjusted EPADS of 10 cents up from 4 cents in the year-ago period. The company's quarterly sales came in at $70.10 million versus, $55.41 million a ...",-0.035714286,2023-11-27 13:10
2023-12-08 05:00,2.789999961853028,9783,"Why UP Fintech Shares Are Trading Higher By Around 7%; Here Are 20 Stocks Moving Premarket - AgriFORCE Growing Systems  ( NASDAQ:AGRI ) , Apollomics  ( NASDAQ:APLM ) ","Shares of UP Fintech Holding Limited TIGR surged in pre-market trading after the company results for the third quarter. UP Fintech Holding posted adjusted EPADS of 10 cents up from 4 cents in the year-ago period. The company's quarterly sales came in at $70.10 million versus, $55.41 million a ...",-0.035714286,2023-11-27 13:10
2023-12-07 05:00,2.940000057220459,15240,"Why UP Fintech Shares Are Trading Higher By Around 7%; Here Are 20 Stocks Moving Premarket - AgriFORCE Growing Systems  ( NASDAQ:AGRI ) , Apollomics  ( NASDAQ:APLM ) ","Shares of UP Fintech Holding Limited TIGR surged in pre-market trading after the company results for the third quarter. UP Fintech Holding posted adjusted EPADS of 10 cents up from 4 cents in the year-ago period. The company's quarterly sales came in at $70.10 million versus, $55.41 million a ...",-0.035714286,2023-11-27 13:10
2023-12-06 05:00,2.940000057220459,20027,"Why UP Fintech Shares Are Trading Higher By Around 7%; Here Are 20 Stocks Moving Premarket - AgriFORCE Growing Systems  ( NASDAQ:AGRI ) , Apollomics  ( NASDAQ:APLM ) ","Shares of UP Fintech Holding Limited TIGR surged in pre-market trading after the company results for the third quarter. UP Fintech Holding posted adjusted EPADS of 10 cents up from 4 cents in the year-ago period. The company's quarterly sales came in at $70.10 million versus, $55.41 million a ...",-0.035714286,2023-11-27 13:10
2023-12-05 05:00,2.9100000858306885,25170,"Why UP Fintech Shares Are Trading Higher By Around 7%; Here Are 20 Stocks Moving Premarket - AgriFORCE Growing Systems  ( NASDAQ:AGRI ) , Apollomics  ( NASDAQ:APLM ) ","Shares of UP Fintech Holding Limited TIGR surged in pre-market trading after the company results for the third quarter. UP Fintech Holding posted adjusted EPADS of 10 cents up from 4 cents in the year-ago period. The company's quarterly sales came in at $70.10 million versus, $55.41 million a ...",-0.035714286,2023-11-27 13:10
2023-12-04 05:00,2.940000057220459,59410,"Why UP Fintech Shares Are Trading Higher By Around 7%; Here Are 20 Stocks Moving Premarket - AgriFORCE Growing Systems  ( NASDAQ:AGRI ) , Apollomics  ( NASDAQ:APLM ) ","Shares of UP Fintech Holding Limited TIGR surged in pre-market trading after the company results for the third quarter. UP Fintech Holding posted adjusted EPADS of 10 cents up from 4 cents in the year-ago period. The company's quarterly sales came in at $70.10 million versus, $55.41 million a ...",-0.035714286,2023-11-27 13:10
2023-12-01 05:00,3.0299999713897705,48770,"Why UP Fintech Shares Are Trading Higher By Around 7%; Here Are 20 Stocks Moving Premarket - AgriFORCE Growing Systems  ( NASDAQ:AGRI ) , Apollomics  ( NASDAQ:APLM ) ","Shares of UP Fintech Holding Limited TIGR surged in pre-market trading after the company results for the third quarter. UP Fintech Holding posted adjusted EPADS of 10 cents up from 4 cents in the year-ago period. The company's quarterly sales came in at $70.10 million versus, $55.41 million a ...",-0.035714286,2023-11-27 13:10
2023-11-30 05:00,3.299999952316284,13383,"Why UP Fintech Shares Are Trading Higher By Around 7%; Here Are 20 Stocks Moving Premarket - AgriFORCE Growing Systems  ( NASDAQ:AGRI ) , Apollomics  ( NASDAQ:APLM ) ","Shares of UP Fintech Holding Limited TIGR surged in pre-market trading after the company results for the third quarter. UP Fintech Holding posted adjusted EPADS of 10 cents up from 4 cents in the year-ago period. The company's quarterly sales came in at $70.10 million versus, $55.41 million a ...",-0.035714286,2023-11-27 13:10
2023-11-29 05:00,3.2699999809265137,27097,"Why UP Fintech Shares Are Trading Higher By Around 7%; Here Are 20 Stocks Moving Premarket - AgriFORCE Growing Systems  ( NASDAQ:AGRI ) , Apollomics  ( NASDAQ:APLM ) ","Shares of UP Fintech Holding Limited TIGR surged in pre-market trading after the company results for the third quarter. UP Fintech Holding posted adjusted EPADS of 10 cents up from 4 cents in the year-ago period. The company's quarterly sales came in at $70.10 million versus, $55.41 million a ...",-0.035714286,2023-11-27 13:10
2023-11-28 05:00,3.299999952316284,51000,"Why UP Fintech Shares Are Trading Higher By Around 7%; Here Are 20 Stocks Moving Premarket - AgriFORCE Growing Systems  ( NASDAQ:AGRI ) , Apollomics  ( NASDAQ:APLM ) ","Shares of UP Fintech Holding Limited TIGR surged in pre-market trading after the company results for the third quarter. UP Fintech Holding posted adjusted EPADS of 10 cents up from 4 cents in the year-ago period. The company's quarterly sales came in at $70.10 million versus, $55.41 million a ...",-0.035714286,2023-11-27 13:10
2023-11-27 05:00,3.150000095367432,130780,,,-0.035714286,
2023-11-24 05:00,3.119999885559082,24747,,,-0.035714286,
2023-11-22 05:00,2.940000057220459,2103,,,-0.035714286,
2023-11-21 05:00,2.9100000858306885,7127,,,-0.035714286,
2023-11-20 05:00,2.940000057220459,9743,,,-0.035714286,
2023-11-17 05:00,2.8499999046325684,8507,,,-0.035714286,
2023-11-16 05:00,3.0299999713897705,28970,,,-0.035714286,
2023-11-15 05:00,2.759999990463257,28763,,,-0.035714286,
2023-11-14 05:00,2.7300000190734863,10830,,,-0.035714286,
2023-11-13 05:00,2.6700000762939453,7220,,,-0.035714286,
2023-11-10 05:00,2.700000047683716,10047,,,-0.035714286,
2023-11-09 05:00,2.700000047683716,10907,,,-0.035714286,
2023-11-08 05:00,2.7300000190734863,17017,,,-0.035714286,
2023-11-07 05:00,3.059999942779541,55747,,,-0.035714286,
2023-11-06 05:00,2.759999990463257,55163,,,-0.035714286,
2023-11-03 04:00,2.640000104904175,17903,,,-0.035714286,
2023-11-02 04:00,2.549999952316284,29140,,,-0.035714286,
2023-11-01 04:00,2.5799999237060547,38080,,,-0.035714286,
2023-10-31 04:00,2.700000047683716,13433,,,-0.035714286,
2023-10-30 04:00,2.789999961853028,7600,,,-0.035714286,
2023-10-27 04:00,3.0299999713897705,22843,,,-0.035714286,
2023-10-26 04:00,3.0299999713897705,45783,,,-0.035714286,
2023-10-25 04:00,3.0299999713897705,70860,,,-0.035714286,
2023-10-24 04:00,2.640000104904175,39670,,,-0.035714286,
2023-10-23 04:00,2.5199999809265137,60670,,,-0.035714286,
2023-10-20 04:00,2.3399999141693115,80747,,,-0.035714286,
2023-10-19 04:00,2.5799999237060547,203667,,,-0.035714286,
2023-10-18 04:00,2.940000057220459,97373,,,-0.035714286,
2023-10-17 04:00,3.119999885559082,46607,,,-0.035714286,
2023-10-16 04:00,3.150000095367432,141657,,,-0.035714286,
2023-10-13 04:00,3.240000009536743,68370,,,-0.035714286,
2023-10-12 04:00,3.4800000190734863,313320,,,-0.035714286,
2023-10-11 04:00,3.2100000381469727,70340,,,-0.035714286,
2023-10-10 04:00,3.150000095367432,32667,,,-0.035714286,
2023-10-09 04:00,3.240000009536743,87510,,,-0.035714286,
2023-10-06 04:00,3.5999999046325684,19830,,,-0.035714286,
2023-10-05 04:00,3.630000114440918,44113,,,-0.035714286,
2023-10-04 04:00,3.450000047683716,68543,,,-0.035714286,
2023-10-03 04:00,3.390000104904175,26667,,,-0.035714286,
2023-10-02 04:00,3.569999933242798,8450,,,-0.035714286,