Date,TNXP_Close,TNXP_Volume,Title,Summary,Sentiment,Date Published
2024-09-25 04:00:00,0.1299999952316284,9295200,Tonix Pharmaceuticals Announces Data Presentations on TNX-102 SL for Fibromyalgia at the 11th Global Conference on Pharmaceutics and Novel Drug Delivery Systems  ( PDDS 2024 )  - Tonix Pharmaceuticals  ( NASDAQ:TNXP ) ,Presentations highlighted the proprietary formulation technology and pharmacokinetic properties of TNX-102 SL ( sublingual cyclobenzaprine HCl ) Composition and methods patents based on the eutectic formulation of TNX-102 SL are expected to provide market exclusivity until at least 2034 in the ...,-0.2,2024-09-23 11:00:00
2024-09-24 04:00:00,0.1299999952316284,9811500,Tonix Pharmaceuticals Announces Data Presentations on TNX-102 SL for Fibromyalgia at the 11th Global Conference on Pharmaceutics and Novel Drug Delivery Systems  ( PDDS 2024 )  - Tonix Pharmaceuticals  ( NASDAQ:TNXP ) ,Presentations highlighted the proprietary formulation technology and pharmacokinetic properties of TNX-102 SL ( sublingual cyclobenzaprine HCl ) Composition and methods patents based on the eutectic formulation of TNX-102 SL are expected to provide market exclusivity until at least 2034 in the ...,-0.2,2024-09-23 11:00:00
2024-09-23 04:00:00,0.1299999952316284,17367000,Looking Into Tonix Pharmaceuticals's Recent Short Interest - Tonix Pharmaceuticals  ( NASDAQ:TNXP ) ,"Tonix Pharmaceuticals's TNXP short percent of float has risen 122.12% since its last report. The company recently reported that it has 1.57 million shares sold short, which is 7.13% of all regular shares that are available for trading.",-0.11111111111111115,2024-09-19 13:45:15
2024-09-20 04:00:00,0.1500000059604644,10253100,Looking Into Tonix Pharmaceuticals's Recent Short Interest - Tonix Pharmaceuticals  ( NASDAQ:TNXP ) ,"Tonix Pharmaceuticals's TNXP short percent of float has risen 122.12% since its last report. The company recently reported that it has 1.57 million shares sold short, which is 7.13% of all regular shares that are available for trading.",-0.06666666666666671,2024-09-19 13:45:15
2024-09-19 04:00:00,0.1500000059604644,28045800,"New Hope For Mpox? How TNX-801 Could Meet The WHO's Vaccine Targets For A Safer, Single-Dose Solution - Emergent BioSolutions  ( NYSE:EBS ) , Bavarian Nordic  ( OTC:BVNKF ) ","The mpox virus, formerly known as monkeypox, has increasingly become a global health concern, especially with rising cases of a new lethal strain across Africa and parts of Europe and Asia.",-0.046515151515151565,2024-09-18 11:30:48
2024-09-18 04:00:00,0.1500000059604644,9080000,Tonix Pharmaceuticals Announces That its Single Dose Mpox Vaccine Candidate TNX-801 Aligns with WHO's Newly Issued Preferred Target Product Profile for Mpox Vaccines in Global Health Emergency,The World Health Organization ( WHO ) released its preferred target product profile ( TPP ) criteria for mpox vaccines at its Mpox Research and Innovation Scientific Conference held August ...,-0.038762626262626304,2024-09-16 11:00:00
2024-09-17 04:00:00,0.1500000059604644,11952500,Tonix Pharmaceuticals Announces That its Single Dose Mpox Vaccine Candidate TNX-801 Aligns with WHO's Newly Issued Preferred Target Product Profile for Mpox Vaccines in Global Health Emergency,The World Health Organization ( WHO ) released its preferred target product profile ( TPP ) criteria for mpox vaccines at its Mpox Research and Innovation Scientific Conference held August ...,-0.03322510822510826,2024-09-16 11:00:00
2024-09-16 04:00:00,0.1500000059604644,12634800,Tonix Pharmaceuticals Announces Appointment of Thomas Englese as Executive Vice President of Commercial Operations - Tonix Pharmaceuticals  ( NASDAQ:TNXP ) ,"Thomas brings more than 20 years of commercial and operations experience in the biopharmaceutical industry to Tonix Tonix is on track to submit an NDA for TNX-102 SL for fibromyalgia in October of 2024 CHATHAM, N.J., Sept. 10, 2024 ( GLOBE NEWSWIRE ) -- Tonix Pharmaceuticals Holding Corp.",0.031060606060606028,2024-09-10 11:00:00
2024-09-13 04:00:00,0.1599999964237213,14463800,Tonix Pharmaceuticals Announces Appointment of Thomas Englese as Executive Vice President of Commercial Operations - Tonix Pharmaceuticals  ( NASDAQ:TNXP ) ,"Thomas brings more than 20 years of commercial and operations experience in the biopharmaceutical industry to Tonix Tonix is on track to submit an NDA for TNX-102 SL for fibromyalgia in October of 2024 CHATHAM, N.J., Sept. 10, 2024 ( GLOBE NEWSWIRE ) -- Tonix Pharmaceuticals Holding Corp.",0.09534632034632032,2024-09-10 11:00:00
2024-09-12 04:00:00,0.1599999964237213,20198300,Tonix Pharmaceuticals Announces Appointment of Thomas Englese as Executive Vice President of Commercial Operations - Tonix Pharmaceuticals  ( NASDAQ:TNXP ) ,"Thomas brings more than 20 years of commercial and operations experience in the biopharmaceutical industry to Tonix Tonix is on track to submit an NDA for TNX-102 SL for fibromyalgia in October of 2024 CHATHAM, N.J., Sept. 10, 2024 ( GLOBE NEWSWIRE ) -- Tonix Pharmaceuticals Holding Corp.",0.12153679653679651,2024-09-10 11:00:00
2024-09-11 04:00:00,0.1500000059604644,16902700,Tonix Pharmaceuticals Announces Appointment of Thomas Englese as Executive Vice President of Commercial Operations - Tonix Pharmaceuticals  ( NASDAQ:TNXP ) ,"Thomas brings more than 20 years of commercial and operations experience in the biopharmaceutical industry to Tonix Tonix is on track to submit an NDA for TNX-102 SL for fibromyalgia in October of 2024 CHATHAM, N.J., Sept. 10, 2024 ( GLOBE NEWSWIRE ) -- Tonix Pharmaceuticals Holding Corp.",0.1477272727272727,2024-09-10 11:00:00
2024-09-10 04:00:00,0.1599999964237213,25302600,What's Going On With Tonix Pharmaceuticals  ( TNXP )  Stock? - Tonix Pharmaceuticals  ( NASDAQ:TNXP ) ,"Tonix Pharmaceuticals Holding Corp TNXP shares are trading higher by 20% to 17 cents during Monday's session after the company announced data on the potential mpox vaccine TNX-801 in the ""Using Synthetic Biology To Battle Mpox"" talk at an immunology symposium at the University of Alberta.",0.16071428571428573,2024-09-09 15:48:00
2024-09-09 04:00:00,0.1700000017881393,229465000,Tonix Pharmaceuticals Launches National Awareness Campaign on the Impact of Gastroparesis or Stomach Paralysis on the Absorption of Oral Migraine Medications at PAINWeek - Tonix Pharmaceuticals  ( NASDAQ:TNXP ) ,Gastroparesis slows the ability of the stomach to empty into the small intestine and thereby can delay absorption of oral medications into the bloodstream Non-oral medications including nasal and injectables can bypass the digestive system providing better absorption and faster relief,0.16785714285714287,2024-09-06 11:00:00
2024-09-06 04:00:00,0.1400000005960464,17159900,"As Research Into Pain Accelerates, A Newly Recognized Type Of Pain Comes To The Forefront - Tonix Targets It With FDA-Fast Track-Designated TNX-102 SL - Tonix Pharmaceuticals  ( NASDAQ:TNXP ) ","Research into the causes and nature of pain is accelerating and broadening, as evidenced by the more than 400 scientific presentations at the 2024 World Congress on Pain, held August 6-9 in Amsterdam, which was sponsored by the International Association for the Study of Pain",0.20357142857142857,2024-09-04 11:00:26
2024-09-05 04:00:00,0.1599999964237213,9521300,"As Research Into Pain Accelerates, A Newly Recognized Type Of Pain Comes To The Forefront - Tonix Targets It With FDA-Fast Track-Designated TNX-102 SL - Tonix Pharmaceuticals  ( NASDAQ:TNXP ) ","Research into the causes and nature of pain is accelerating and broadening, as evidenced by the more than 400 scientific presentations at the 2024 World Congress on Pain, held August 6-9 in Amsterdam, which was sponsored by the International Association for the Study of Pain",0.20357142857142857,2024-09-04 11:00:26
2024-09-04 04:00:00,0.1599999964237213,14601700,Tonix Pharmaceuticals Presented Data from Two Posters on TNX-102 SL for Reduction of Acute Stress Reaction and Prevention of PTSD and One Poster for Wound Healing at the 2024 Military Health System Research Symposium  ( MHSRS ) ,Investigator-initiated Phase 2 trial to evaluate TNX-102 SL's potential to reduce severity of acute stress reaction ( ASR ) and frequency of acute stress disorder ( ASD ) and posttraumatic stress disorder ( PTSD ) expected to begin third quarter ...,0.1992857142857143,2024-08-29 11:00:00
2024-09-03 04:00:00,0.1700000017881393,28205500,Tonix Pharmaceuticals Presented Data from Two Posters on TNX-102 SL for Reduction of Acute Stress Reaction and Prevention of PTSD and One Poster for Wound Healing at the 2024 Military Health System Research Symposium  ( MHSRS ) ,Investigator-initiated Phase 2 trial to evaluate TNX-102 SL's potential to reduce severity of acute stress reaction ( ASR ) and frequency of acute stress disorder ( ASD ) and posttraumatic stress disorder ( PTSD ) expected to begin third quarter ...,0.19499999999999998,2024-08-29 11:00:00
2024-08-30 04:00:00,0.2300000041723251,18239700,Tonix Pharmaceuticals Presented Data from Two Posters on TNX-102 SL for Reduction of Acute Stress Reaction and Prevention of PTSD and One Poster for Wound Healing at the 2024 Military Health System Research Symposium  ( MHSRS ) ,Investigator-initiated Phase 2 trial to evaluate TNX-102 SL's potential to reduce severity of acute stress reaction ( ASR ) and frequency of acute stress disorder ( ASD ) and posttraumatic stress disorder ( PTSD ) expected to begin third quarter ...,0.19071428571428567,2024-08-29 11:00:00
2024-08-29 04:00:00,0.2599999904632568,24468900,Tonix Pharma Collaborates With World's Largest Vaccine Manufacturer For Mpox Vaccine - Tonix Pharmaceuticals  ( NASDAQ:TNXP ) ,"On Monday, Tonix Pharmaceuticals Holding Corp. TNXP and Bilthoven Biologicals collaborated to advance TNX-801, Tonix's mpox vaccine candidate. Bilthoven Biologicals is part of the world's largest vaccine manufacturer, the Cyrus Poonawalla Group, which includes the Serum Institute of India.",0.17285714285714282,2024-08-26 14:41:43
2024-08-28 04:00:00,0.3000000119209289,40174400,Tonix Pharma Collaborates With World's Largest Vaccine Manufacturer For Mpox Vaccine - Tonix Pharmaceuticals  ( NASDAQ:TNXP ) ,"On Monday, Tonix Pharmaceuticals Holding Corp. TNXP and Bilthoven Biologicals collaborated to advance TNX-801, Tonix's mpox vaccine candidate. Bilthoven Biologicals is part of the world's largest vaccine manufacturer, the Cyrus Poonawalla Group, which includes the Serum Institute of India.",0.16571428571428568,2024-08-26 14:41:43
2024-08-27 04:00:00,0.3600000143051147,40096000,Tonix Pharma Collaborates With World's Largest Vaccine Manufacturer For Mpox Vaccine - Tonix Pharmaceuticals  ( NASDAQ:TNXP ) ,"On Monday, Tonix Pharmaceuticals Holding Corp. TNXP and Bilthoven Biologicals collaborated to advance TNX-801, Tonix's mpox vaccine candidate. Bilthoven Biologicals is part of the world's largest vaccine manufacturer, the Cyrus Poonawalla Group, which includes the Serum Institute of India.",0.12999999999999995,2024-08-26 14:41:43
2024-08-26 04:00:00,0.3700000047683716,132606500,Modern Twist To Centuries-Old Smallpox Vaccine Could Be Poised To Combat Deadly Mpox Strain As WHO Declares Global Emergency - Tonix Pharmaceuticals  ( NASDAQ:TNXP ) ,"Following an upsurge of cases in the Democratic Republic of the Congo and several other countries in Africa, the World Health Organization ( WHO ) declared mpox a public health emergency of international concern on Aug. 14 - the second such declaration in two years.",0.09173469387755098,2024-08-23 11:45:00
2024-08-23 04:00:00,0.3400000035762787,39397200,Tonix Pharmaceuticals Announces Oral Presentation and Three Poster Presentations at the 2024 Military Health System Research Symposium  ( MHSRS )  - Tonix Pharmaceuticals  ( NASDAQ:TNXP ) ,"Oral presentation highlights TNX-102 SL ( sublingual cyclobenzaprine HCl ) treatment in Phase 3 RESILIENT study demonstrating statistically significant improvement in fibromyalgia nociplastic pain and in all six key secondary endpoints, including sleep quality",0.06387755102040814,2024-08-21 11:00:00
2024-08-22 04:00:00,0.3300000131130218,30044900,Tonix Pharmaceuticals Announces Oral Presentation and Three Poster Presentations at the 2024 Military Health System Research Symposium  ( MHSRS )  - Tonix Pharmaceuticals  ( NASDAQ:TNXP ) ,"Oral presentation highlights TNX-102 SL ( sublingual cyclobenzaprine HCl ) treatment in Phase 3 RESILIENT study demonstrating statistically significant improvement in fibromyalgia nociplastic pain and in all six key secondary endpoints, including sleep quality",0.0360204081632653,2024-08-21 11:00:00
2024-08-21 04:00:00,0.3600000143051147,40430400,What's Going On With Tonix Pharmaceuticals  ( TNXP )  Stock? - Tonix Pharmaceuticals  ( NASDAQ:TNXP ) ,"Tonix Pharmaceuticals Holding Corp TNXP shares were trading lower Tuesday, closing down 14.61% at 38 cents. The stock is pulling back after gaining as much as 60% during Monday's session after the company reported second-quarter financial results.",0.006179138321995472,2024-08-20 22:36:51
2024-08-20 04:00:00,0.3799999952316284,41576300,WHO Declares Monkeypox Public Emergency: 5 Mpox Stocks to Watch,"Is the next pandemic here. With health officials declaring Monkeypox a public health emergency, investors need to be watching Monkeypox-related stocks.",0.006179138321995472,2024-08-19 15:09:00
2024-08-19 04:00:00,0.449999988079071,290466000,"Tonix Pharmaceuticals' Live Virus Vaccine Candidate Shows Long-Term Protection From Mpox, Smallpox With 1 Dose, Animal Study Suggests - Tonix Pharmaceuticals  ( NASDAQ:TNXP ) ","Friday, Tonix Pharmaceuticals Holding Corp. TNXP reiterated its commitment to advancing the development of its live attenuated virus vaccine, TNX-801 ( recombinant horsepox virus ) , to prevent mpox and other infectious diseases.",0.006990826633683772,2024-08-16 17:29:18
2024-08-16 04:00:00,0.449999988079071,78585900,Tonix Pharmaceuticals to Present at the Summer 2024 Virtual Investor Summit - Tonix Pharmaceuticals  ( NASDAQ:TNXP ) ,"CHATHAM, N.J., Aug. 13, 2024 ( GLOBE NEWSWIRE ) -- Tonix Pharmaceuticals Holding Corp.",0.006990826633683772,2024-08-13 12:00:00
2024-08-15 04:00:00,0.4600000083446502,3070000,Tonix Pharmaceuticals to Present at the Summer 2024 Virtual Investor Summit - Tonix Pharmaceuticals  ( NASDAQ:TNXP ) ,"CHATHAM, N.J., Aug. 13, 2024 ( GLOBE NEWSWIRE ) -- Tonix Pharmaceuticals Holding Corp.",0.00954184704184703,2024-08-13 12:00:00
2024-08-14 04:00:00,0.5,4898800,Tonix Pharmaceuticals to Present at the Summer 2024 Virtual Investor Summit - Tonix Pharmaceuticals  ( NASDAQ:TNXP ) ,"CHATHAM, N.J., Aug. 13, 2024 ( GLOBE NEWSWIRE ) -- Tonix Pharmaceuticals Holding Corp.",0.0059704184704184576,2024-08-13 12:00:00
2024-08-13 04:00:00,0.4900000095367431,768600,Tonix Pharmaceuticals Announces Publication in Microorganisms of Technology that Expands Company's Capabilities in Generating Potential Therapeutic Fully Human Antibodies Against SARS-CoV-2 and Other Pathogens - Tonix Pharmaceuticals  ( NASDAQ:TNXP ) ,"High-throughput, high-content imaging-based assay developed to screen convalescent sera for neutralizing antibodies to SARS-CoV-2 variants",0.01668470418470417,2024-08-06 12:00:00
2024-08-12 04:00:00,0.5099999904632568,852000,Tonix Pharmaceuticals Announces Publication in Microorganisms of Technology that Expands Company's Capabilities in Generating Potential Therapeutic Fully Human Antibodies Against SARS-CoV-2 and Other Pathogens - Tonix Pharmaceuticals  ( NASDAQ:TNXP ) ,"High-throughput, high-content imaging-based assay developed to screen convalescent sera for neutralizing antibodies to SARS-CoV-2 variants",0.029383116883116872,2024-08-06 12:00:00
2024-08-09 04:00:00,0.4799999892711639,632000,Tonix Pharmaceuticals Announces Publication in Microorganisms of Technology that Expands Company's Capabilities in Generating Potential Therapeutic Fully Human Antibodies Against SARS-CoV-2 and Other Pathogens - Tonix Pharmaceuticals  ( NASDAQ:TNXP ) ,"High-throughput, high-content imaging-based assay developed to screen convalescent sera for neutralizing antibodies to SARS-CoV-2 variants",0.043668831168831156,2024-08-06 12:00:00
2024-08-08 04:00:00,0.4799999892711639,848800,Tonix Pharmaceuticals Announces Publication in Microorganisms of Technology that Expands Company's Capabilities in Generating Potential Therapeutic Fully Human Antibodies Against SARS-CoV-2 and Other Pathogens - Tonix Pharmaceuticals  ( NASDAQ:TNXP ) ,"High-throughput, high-content imaging-based assay developed to screen convalescent sera for neutralizing antibodies to SARS-CoV-2 variants",0.05714285714285715,2024-08-06 12:00:00
2024-08-07 04:00:00,0.4600000083446502,669900,Tonix Pharmaceuticals Announces Publication in Microorganisms of Technology that Expands Company's Capabilities in Generating Potential Therapeutic Fully Human Antibodies Against SARS-CoV-2 and Other Pathogens - Tonix Pharmaceuticals  ( NASDAQ:TNXP ) ,"High-throughput, high-content imaging-based assay developed to screen convalescent sera for neutralizing antibodies to SARS-CoV-2 variants",0.07142857142857142,2024-08-06 12:00:00
2024-08-06 04:00:00,0.4600000083446502,772500,FDA Recognizes Fibromyalgia As A 'Serious Condition' And Fast-Tracks New Drug Candidate - Tonix Pharmaceuticals  ( NASDAQ:TNXP ) ,"When it comes to chronic pain conditions, fibromyalgia is among the most common, afflicting more than ten million people in the United States. Globally, 3 to 6% of the world's population suffers from this chronic disease that has no cure.",0.0738095238095238,2024-08-01 11:45:22
2024-08-05 04:00:00,0.449999988079071,1019200,FDA Recognizes Fibromyalgia As A 'Serious Condition' And Fast-Tracks New Drug Candidate - Tonix Pharmaceuticals  ( NASDAQ:TNXP ) ,"When it comes to chronic pain conditions, fibromyalgia is among the most common, afflicting more than ten million people in the United States. Globally, 3 to 6% of the world's population suffers from this chronic disease that has no cure.",0.07619047619047617,2024-08-01 11:45:22
2024-08-02 04:00:00,0.4799999892711639,1219900,FDA Recognizes Fibromyalgia As A 'Serious Condition' And Fast-Tracks New Drug Candidate - Tonix Pharmaceuticals  ( NASDAQ:TNXP ) ,"When it comes to chronic pain conditions, fibromyalgia is among the most common, afflicting more than ten million people in the United States. Globally, 3 to 6% of the world's population suffers from this chronic disease that has no cure.",0.06428571428571427,2024-08-01 11:45:22
2024-08-01 04:00:00,0.5099999904632568,1706100,Tonix Pharmaceuticals Announces Potential Positive Impact of the U.S. National Academies  ( NASEM )  New Definition of Long COVID on the Size of the Fibromyalgia Market for Tonmya™,"Fibromyalgia is a ""diagnosable condition"" in people suffering from Long COVID according to ...",0.04285714285714283,2024-07-31 12:00:00
2024-07-31 04:00:00,0.5,2158400,"Global Fibromyalgia Treatment Market Projected To Reach $3.86 Billion By 2031 as Positive Growth Trends Expected - AbbVie  ( NYSE:ABBV ) , Axsome Therapeutics  ( NASDAQ:AXSM ) ","PALM BEACH, Fla., July 25, 2024 ( GLOBE NEWSWIRE ) -- FN Media Group News Commentary - The fibromyalgia treatment market has witnessed positive growth trends over the past few years. There is higher disease awareness due to growth in diagnosis rates and growing awareness and concern for this ...",0.02577922077922076,2024-07-25 12:30:00
2024-07-30 04:00:00,0.5699999928474426,1186000,"Global Fibromyalgia Treatment Market Projected To Reach $3.86 Billion By 2031 as Positive Growth Trends Expected - AbbVie  ( NYSE:ABBV ) , Axsome Therapeutics  ( NASDAQ:AXSM ) ","PALM BEACH, Fla., July 25, 2024 ( GLOBE NEWSWIRE ) -- FN Media Group News Commentary - The fibromyalgia treatment market has witnessed positive growth trends over the past few years. There is higher disease awareness due to growth in diagnosis rates and growing awareness and concern for this ...",0.008701298701298685,2024-07-25 12:30:00
2024-07-29 04:00:00,0.5699999928474426,2017600,"Global Fibromyalgia Treatment Market Projected To Reach $3.86 Billion By 2031 as Positive Growth Trends Expected - AbbVie  ( NYSE:ABBV ) , Axsome Therapeutics  ( NASDAQ:AXSM ) ","PALM BEACH, Fla., July 25, 2024 ( GLOBE NEWSWIRE ) -- FN Media Group News Commentary - The fibromyalgia treatment market has witnessed positive growth trends over the past few years. There is higher disease awareness due to growth in diagnosis rates and growing awareness and concern for this ...",-0.008376623376623387,2024-07-25 12:30:00
2024-07-26 04:00:00,0.550000011920929,1881400,"Global Fibromyalgia Treatment Market Projected To Reach $3.86 Billion By 2031 as Positive Growth Trends Expected - AbbVie  ( NYSE:ABBV ) , Axsome Therapeutics  ( NASDAQ:AXSM ) ","PALM BEACH, Fla., July 25, 2024 ( GLOBE NEWSWIRE ) -- FN Media Group News Commentary - The fibromyalgia treatment market has witnessed positive growth trends over the past few years. There is higher disease awareness due to growth in diagnosis rates and growing awareness and concern for this ...",-0.013549783549783546,2024-07-25 12:30:00
2024-07-25 04:00:00,0.5799999833106995,11279300,"Beyond ""One Bug, One Drug"" - Tonix Pharmaceuticals Secures Up To $34 Million In Funding From U.S. Department Of Defense To Develop Broad-Spectrum Antiviral - Tonix Pharmaceuticals  ( NASDAQ:TNXP ) ",The following post was written and/or published as a collaboration between Benzinga's in-house sponsored content team and Tonix Pharmaceuticals Holding Corp. The sponsored content team works to ensure that any and all information contained within is true and accurate to the best of their ...,0.04656926406926409,2024-07-24 11:45:53
2024-07-24 04:00:00,0.5299999713897705,11647500,"A Redux Of The Lyrica-Cymbalta Fibromyalgia War Of The 2010s May Look More Like David Vs. Goliath - Eli Lilly and Co  ( NYSE:LLY ) , Axsome Therapeutics  ( NASDAQ:AXSM ) ",The following post was written and/or published as a collaboration between Benzinga's in-house sponsored content team and Tonix Pharmaceuticals Holding Corp. The sponsored content team works to ensure that any and all information contained within is true and accurate to the best of their ...,0.10668831168831172,2024-07-11 12:00:18
2024-07-23 04:00:00,0.5699999928474426,1129500,"A Redux Of The Lyrica-Cymbalta Fibromyalgia War Of The 2010s May Look More Like David Vs. Goliath - Eli Lilly and Co  ( NYSE:LLY ) , Axsome Therapeutics  ( NASDAQ:AXSM ) ",The following post was written and/or published as a collaboration between Benzinga's in-house sponsored content team and Tonix Pharmaceuticals Holding Corp. The sponsored content team works to ensure that any and all information contained within is true and accurate to the best of their ...,0.17633116883116887,2024-07-11 12:00:18
2024-07-22 04:00:00,0.5600000023841858,2065600,"A Redux Of The Lyrica-Cymbalta Fibromyalgia War Of The 2010s May Look More Like David Vs. Goliath - Eli Lilly and Co  ( NYSE:LLY ) , Axsome Therapeutics  ( NASDAQ:AXSM ) ",The following post was written and/or published as a collaboration between Benzinga's in-house sponsored content team and Tonix Pharmaceuticals Holding Corp. The sponsored content team works to ensure that any and all information contained within is true and accurate to the best of their ...,0.24162337662337666,2024-07-11 12:00:18
2024-07-19 04:00:00,0.5600000023841858,1448800,"A Redux Of The Lyrica-Cymbalta Fibromyalgia War Of The 2010s May Look More Like David Vs. Goliath - Eli Lilly and Co  ( NYSE:LLY ) , Axsome Therapeutics  ( NASDAQ:AXSM ) ",The following post was written and/or published as a collaboration between Benzinga's in-house sponsored content team and Tonix Pharmaceuticals Holding Corp. The sponsored content team works to ensure that any and all information contained within is true and accurate to the best of their ...,0.3069155844155844,2024-07-11 12:00:18
2024-07-18 04:00:00,0.5699999928474426,2040200,"A Redux Of The Lyrica-Cymbalta Fibromyalgia War Of The 2010s May Look More Like David Vs. Goliath - Eli Lilly and Co  ( NYSE:LLY ) , Axsome Therapeutics  ( NASDAQ:AXSM ) ",The following post was written and/or published as a collaboration between Benzinga's in-house sponsored content team and Tonix Pharmaceuticals Holding Corp. The sponsored content team works to ensure that any and all information contained within is true and accurate to the best of their ...,0.3722077922077922,2024-07-11 12:00:18
2024-07-17 04:00:00,0.6000000238418579,1894300,"A Redux Of The Lyrica-Cymbalta Fibromyalgia War Of The 2010s May Look More Like David Vs. Goliath - Eli Lilly and Co  ( NYSE:LLY ) , Axsome Therapeutics  ( NASDAQ:AXSM ) ",The following post was written and/or published as a collaboration between Benzinga's in-house sponsored content team and Tonix Pharmaceuticals Holding Corp. The sponsored content team works to ensure that any and all information contained within is true and accurate to the best of their ...,0.4375,2024-07-11 12:00:18
2024-07-16 04:00:00,0.6100000143051147,813400,"A Redux Of The Lyrica-Cymbalta Fibromyalgia War Of The 2010s May Look More Like David Vs. Goliath - Eli Lilly and Co  ( NYSE:LLY ) , Axsome Therapeutics  ( NASDAQ:AXSM ) ",The following post was written and/or published as a collaboration between Benzinga's in-house sponsored content team and Tonix Pharmaceuticals Holding Corp. The sponsored content team works to ensure that any and all information contained within is true and accurate to the best of their ...,0.4375,2024-07-11 12:00:18
2024-07-15 04:00:00,0.6000000238418579,1146700,"A Redux Of The Lyrica-Cymbalta Fibromyalgia War Of The 2010s May Look More Like David Vs. Goliath - Eli Lilly and Co  ( NYSE:LLY ) , Axsome Therapeutics  ( NASDAQ:AXSM ) ",The following post was written and/or published as a collaboration between Benzinga's in-house sponsored content team and Tonix Pharmaceuticals Holding Corp. The sponsored content team works to ensure that any and all information contained within is true and accurate to the best of their ...,0.4375,2024-07-11 12:00:18
2024-07-12 04:00:00,0.6000000238418579,1339600,"A Redux Of The Lyrica-Cymbalta Fibromyalgia War Of The 2010s May Look More Like David Vs. Goliath - Eli Lilly and Co  ( NYSE:LLY ) , Axsome Therapeutics  ( NASDAQ:AXSM ) ",The following post was written and/or published as a collaboration between Benzinga's in-house sponsored content team and Tonix Pharmaceuticals Holding Corp. The sponsored content team works to ensure that any and all information contained within is true and accurate to the best of their ...,0.4375,2024-07-11 12:00:18
2024-07-11 04:00:00,0.6100000143051147,1433600,Tonix Pharmaceuticals Announces Closing of $4.0 Million Public Offering,"CHATHAM, N.J., July 10, 2024 ( GLOBE NEWSWIRE ) -- Tonix Pharmaceuticals Holding Corp. ( Nasdaq: TNXP ) ( ""Tonix"" or the ""Company"" ) , a fully-integrated biopharmaceutical company, today announced the closing of its public offering of 3,393,600 shares of its common stock and pre-funded warrants ...",0.3535714285714286,2024-07-10 20:30:00
2024-07-10 04:00:00,0.6200000047683716,3258900,Tonix Pharmaceuticals Announces Pricing of Approximately $4.0 Million Public Offering,"CHATHAM, N.J., July 09, 2024 ( GLOBE NEWSWIRE ) -- Tonix Pharmaceuticals Holding Corp. ( Nasdaq: TNXP ) ( ""Tonix"" or the ""Company"" ) , a fully-integrated biopharmaceutical company, today announced it has entered into a placement agency agreement for the purchase and sale of 7,096,740 shares of ...",0.2910714285714286,2024-07-09 13:15:00
2024-07-09 04:00:00,0.6000000238418579,4285500,Tonix Pharmaceuticals Announces Proposed Public Offering - Tonix Pharmaceuticals  ( NASDAQ:TNXP ) ,"CHATHAM, N.J., July 08, 2024 ( GLOBE NEWSWIRE ) -- Tonix Pharmaceuticals Holding Corp. TNXP ( ""Tonix"" or the ""Company"" ) , a fully-integrated biopharmaceutical company, today announced that it intends to offer and sell shares of its common stock ( or pre-funded warrants in lieu thereof ) .",0.1857142857142857,2024-07-08 21:00:00
2024-07-08 04:00:00,0.7099999785423279,4514200,What's Going On With Tonix Pharmaceuticals Stock On Monday? - Tonix Pharmaceuticals  ( NASDAQ:TNXP ) ,"On Monday, Tonix Pharmaceuticals Holding Corp TNXP was awarded an Other Transaction Agreement ( OTA ) with a potential value of up to $34 million over five years by the Defense Threat Reduction Agency ( DTRA ) , an agency within the U.S. Department of Defense ( DoD ) .",0.11428571428571428,2024-07-01 15:07:24
2024-07-05 04:00:00,0.800000011920929,3195200,What's Going On With Tonix Pharmaceuticals Stock On Monday? - Tonix Pharmaceuticals  ( NASDAQ:TNXP ) ,"On Monday, Tonix Pharmaceuticals Holding Corp TNXP was awarded an Other Transaction Agreement ( OTA ) with a potential value of up to $34 million over five years by the Defense Threat Reduction Agency ( DTRA ) , an agency within the U.S. Department of Defense ( DoD ) .",0.04285714285714286,2024-07-01 15:07:24
2024-07-03 04:00:00,0.8899999856948853,4517500,What's Going On With Tonix Pharmaceuticals Stock On Monday? - Tonix Pharmaceuticals  ( NASDAQ:TNXP ) ,"On Monday, Tonix Pharmaceuticals Holding Corp TNXP was awarded an Other Transaction Agreement ( OTA ) with a potential value of up to $34 million over five years by the Defense Threat Reduction Agency ( DTRA ) , an agency within the U.S. Department of Defense ( DoD ) .",-0.028571428571428574,2024-07-01 15:07:24
2024-07-02 04:00:00,0.7400000095367432,2570100,What's Going On With Tonix Pharmaceuticals Stock On Monday? - Tonix Pharmaceuticals  ( NASDAQ:TNXP ) ,"On Monday, Tonix Pharmaceuticals Holding Corp TNXP was awarded an Other Transaction Agreement ( OTA ) with a potential value of up to $34 million over five years by the Defense Threat Reduction Agency ( DTRA ) , an agency within the U.S. Department of Defense ( DoD ) .",-0.09999999999999999,2024-07-01 15:07:24
2024-07-01 04:00:00,0.7300000190734863,9917000,Tonix Pharmaceuticals Announces Closing of $4.0 Million Public Offering,"CHATHAM, N.J., June 28, 2024 ( GLOBE NEWSWIRE ) -- Tonix Pharmaceuticals Holding Corp. ( Nasdaq: TNXP ) ( ""Tonix"" or the ""Company"" ) , a fully-integrated biopharmaceutical company, today announced the closing of its public offering of 2,833,900 shares of its common stock and pre-funded warrants ...",-0.1,2024-06-28 20:05:00
2024-06-28 04:00:00,0.699999988079071,1556700,Tonix Pharmaceuticals Announces Pricing of Approximately $4.0 Million Public Offering,"CHATHAM, N.J., June 27, 2024 ( GLOBE NEWSWIRE ) -- Tonix Pharmaceuticals Holding Corp. ( Nasdaq: TNXP ) ( ""Tonix"" or the ""Company"" ) , a fully-integrated biopharmaceutical company, today announced it has entered into a placement agency agreement for the purchase and sale of approximately ...",-0.15714285714285717,2024-06-27 12:36:00
2024-06-27 04:00:00,0.6899999976158142,8457500,Tonix Pharmaceuticals Announces Proposed Public Offering,"CHATHAM, N.J., June 26, 2024 ( GLOBE NEWSWIRE ) -- Tonix Pharmaceuticals Holding Corp. ( Nasdaq: TNXP ) ( ""Tonix"" or the ""Company"" ) , a fully-integrated biopharmaceutical company, today announced that it intends to offer and sell shares of its common stock ( or pre-funded warrants in lieu ...",-0.15714285714285717,2024-06-26 20:40:00
2024-06-26 04:00:00,1.1299999952316284,2116600,Tonix Pharmaceuticals Presents Vaccine Platform Data in Keynote Talk at the Vaccine Congress 2024,Tonix's live virus vaccine TNX-801 is designed to provide long-term protection from mpox and smallpox with one dose ...,-0.12873376623376626,2024-06-25 12:00:00
2024-06-25 04:00:00,1.25,492200,Peering Into Tonix Pharmaceuticals's Recent Short Interest - Tonix Pharmaceuticals  ( NASDAQ:TNXP ) ,"Tonix Pharmaceuticals's TNXP short percent of float has risen 3126.83% since its last report. The company recently reported that it has 789 thousand shares sold short, which is 26.46% of all regular shares that are available for trading.",-0.11028138528138531,2024-06-24 16:45:24
2024-06-24 04:00:00,1.190000057220459,936100,Tonix Pharmaceuticals Presented Data Comparing Real-World Treatment of Migraine with Industry Guidelines for Non-Oral Products at the Annual Scientific Meeting of the American Headache Society  ( AHS )  - Tonix Pharmaceuticals  ( NASDAQ:TNXP ) ,Gap in non-oral prescriptions relative to AHS guidelines represents an opportunity to increase awareness of Tonix's two FDA-approved non-oral treatments for acute migraine Zembrace® SymTouch® ( sumatriptan injection ) and Tosymra® ( sumatriptan nasal spray ) are indicated for the treatment of ...,-0.058495670995671024,2024-06-18 12:00:00
2024-06-21 04:00:00,1.2999999523162842,873300,Tonix Pharmaceuticals Presented Data Comparing Real-World Treatment of Migraine with Industry Guidelines for Non-Oral Products at the Annual Scientific Meeting of the American Headache Society  ( AHS )  - Tonix Pharmaceuticals  ( NASDAQ:TNXP ) ,Gap in non-oral prescriptions relative to AHS guidelines represents an opportunity to increase awareness of Tonix's two FDA-approved non-oral treatments for acute migraine Zembrace® SymTouch® ( sumatriptan injection ) and Tosymra® ( sumatriptan nasal spray ) are indicated for the treatment of ...,-0.006709956709956737,2024-06-18 12:00:00
2024-06-20 04:00:00,1.350000023841858,2933800,Tonix Pharmaceuticals Presented Data Comparing Real-World Treatment of Migraine with Industry Guidelines for Non-Oral Products at the Annual Scientific Meeting of the American Headache Society  ( AHS )  - Tonix Pharmaceuticals  ( NASDAQ:TNXP ) ,Gap in non-oral prescriptions relative to AHS guidelines represents an opportunity to increase awareness of Tonix's two FDA-approved non-oral treatments for acute migraine Zembrace® SymTouch® ( sumatriptan injection ) and Tosymra® ( sumatriptan nasal spray ) are indicated for the treatment of ...,0.05757575757575755,2024-06-18 12:00:00
2024-06-18 04:00:00,1.2200000286102295,1710300,This Biopharma Stock Is Trading 23% Higher In Pre-Market After Wrapping Up $4M Public Offering - Tonix Pharmaceuticals  ( NASDAQ:TNXP ) ,"Tonix Pharmaceuticals Holding Corp. TNXP announced the successful completion of its public offering. Following the announcement, the biopharmaceutical company's shares soared, trading 22.94% higher in the pre-market on Friday.",0.1504329004329004,2024-06-14 10:15:42
2024-06-17 04:00:00,1.1200000047683716,1282400,This Biopharma Stock Is Trading 23% Higher In Pre-Market After Wrapping Up $4M Public Offering - Tonix Pharmaceuticals  ( NASDAQ:TNXP ) ,"Tonix Pharmaceuticals Holding Corp. TNXP announced the successful completion of its public offering. Following the announcement, the biopharmaceutical company's shares soared, trading 22.94% higher in the pre-market on Friday.",0.22900432900432896,2024-06-14 10:15:42
2024-06-14 04:00:00,1.149999976158142,6682600,Tonix Pharmaceuticals Announces Closing of $4.0 Million Public Offering,"CHATHAM, N.J., June 13, 2024 ( GLOBE NEWSWIRE ) -- Tonix Pharmaceuticals Holding Corp. ( Nasdaq: TNXP ) ( ""Tonix"" or the ""Company"" ) , a fully-integrated biopharmaceutical company, today announced the closing of its public offering of 1,199,448 shares of its common stock and pre-funded warrants ...",0.18809523809523807,2024-06-13 21:00:00
2024-06-13 04:00:00,1.090000033378601,2106200,,,0.15714285714285717,
2024-06-12 04:00:00,1.1100000143051147,5182200,,,0.09285714285714285,
2024-06-11 04:00:00,2.130000114440918,702700,,,0.028571428571428564,
2024-06-10 04:00:00,2.2100000381469727,939200,,,-0.03571428571428571,
2024-06-07 04:00:00,3.200000047683716,269978,,,-0.09285714285714286,
2024-06-06 04:00:00,3.5199999809265137,539625,,,-0.15,
2024-06-05 04:00:00,4.800000190734863,101866,,,-0.15,
2024-06-04 04:00:00,4.800000190734863,69531,,,-0.15,
2024-06-03 04:00:00,5.119999885559082,61734,,,-0.15,
2024-05-31 04:00:00,5.119999885559082,66538,,,-0.15,
2024-05-30 04:00:00,5.440000057220459,73447,,,-0.15,
2024-05-29 04:00:00,5.440000057220459,58616,,,-0.15,
2024-05-28 04:00:00,5.440000057220459,45378,,,-0.15,
2024-05-24 04:00:00,5.760000228881836,88153,,,-0.15,
2024-05-23 04:00:00,5.440000057220459,104963,,,-0.15,
2024-05-22 04:00:00,6.079999923706055,60931,,,-0.15,
2024-05-21 04:00:00,5.760000228881836,101559,,,-0.15,
2024-05-20 04:00:00,6.079999923706055,73428,,,-0.15,
2024-05-17 04:00:00,6.400000095367432,226266,,,-0.15,
2024-05-16 04:00:00,5.760000228881836,45991,,,-0.15,
2024-05-15 04:00:00,5.760000228881836,31313,,,-0.15,
2024-05-14 04:00:00,5.760000228881836,128709,,,-0.15,
2024-05-13 04:00:00,5.440000057220459,47859,,,-0.15,
2024-05-10 04:00:00,5.440000057220459,37050,,,-0.15,
2024-05-09 04:00:00,5.760000228881836,29013,,,-0.15,
2024-05-08 04:00:00,5.760000228881836,46797,,,-0.15,
2024-05-07 04:00:00,6.079999923706055,61294,,,-0.15,
2024-05-06 04:00:00,6.079999923706055,120041,,,-0.15,
2024-05-03 04:00:00,5.760000228881836,71356,,,-0.15,
2024-05-02 04:00:00,5.440000057220459,51163,,,-0.15,
2024-05-01 04:00:00,5.760000228881836,37416,,,-0.15,
2024-04-30 04:00:00,5.760000228881836,46056,,,-0.15,
2024-04-29 04:00:00,5.760000228881836,75191,,,-0.15,
2024-04-26 04:00:00,5.440000057220459,58134,,,-0.15,
2024-04-25 04:00:00,5.119999885559082,31688,,,-0.15,
2024-04-24 04:00:00,5.119999885559082,30941,,,-0.15,
2024-04-23 04:00:00,5.119999885559082,49653,,,-0.15,
2024-04-22 04:00:00,5.119999885559082,42841,,,-0.15,
2024-04-19 04:00:00,5.119999885559082,34409,,,-0.15,
2024-04-18 04:00:00,5.119999885559082,45675,,,-0.15,
2024-04-17 04:00:00,5.119999885559082,63363,,,-0.15,
2024-04-16 04:00:00,4.800000190734863,168481,,,-0.15,
2024-04-15 04:00:00,4.800000190734863,155066,,,-0.15,
2024-04-12 04:00:00,5.119999885559082,79403,,,-0.15,
2024-04-11 04:00:00,5.440000057220459,128638,,,-0.15,
2024-04-10 04:00:00,5.440000057220459,106941,,,-0.15,
2024-04-09 04:00:00,6.079999923706055,80850,,,-0.15,
2024-04-08 04:00:00,6.079999923706055,110794,,,-0.15,
2024-04-05 04:00:00,5.440000057220459,178675,,,-0.15,
2024-04-04 04:00:00,6.079999923706055,81175,,,-0.15,
2024-04-03 04:00:00,6.400000095367432,128138,,,-0.15,
2024-04-02 04:00:00,6.079999923706055,131909,,,-0.15,
2024-04-01 04:00:00,6.079999923706055,280775,,,-0.15,
2024-03-28 04:00:00,6.079999923706055,685128,,,-0.15,
2024-03-27 04:00:00,10.5600004196167,48934,,,-0.15,
2024-03-26 04:00:00,10.880000114440918,56347,,,-0.15,
2024-03-25 04:00:00,10.5600004196167,130178,,,-0.15,
2024-03-22 04:00:00,11.199999809265137,26525,,,-0.15,
2024-03-21 04:00:00,10.880000114440918,50263,,,-0.15,
2024-03-20 04:00:00,11.520000457763672,54234,,,-0.15,
2024-03-19 04:00:00,11.199999809265137,60381,,,-0.15,
2024-03-18 04:00:00,10.5600004196167,25513,,,-0.15,
2024-03-15 04:00:00,10.239999771118164,51244,,,-0.15,
2024-03-14 04:00:00,10.5600004196167,14759,,,-0.15,
2024-03-13 04:00:00,10.5600004196167,32584,,,-0.15,
2024-03-12 04:00:00,10.5600004196167,50900,,,-0.15,
2024-03-11 04:00:00,11.520000457763672,83134,,,-0.15,
2024-03-08 05:00:00,11.84000015258789,21794,,,-0.15,
2024-03-07 05:00:00,11.84000015258789,41856,,,-0.15,
2024-03-06 05:00:00,11.84000015258789,20775,,,-0.15,
2024-03-05 05:00:00,11.520000457763672,33125,,,-0.15,
2024-03-04 05:00:00,12.15999984741211,40341,,,-0.15,
2024-03-01 05:00:00,11.84000015258789,51922,,,-0.15,
2024-02-29 05:00:00,12.15999984741211,51816,,,-0.15,
2024-02-28 05:00:00,11.84000015258789,42272,,,-0.15,
2024-02-27 05:00:00,11.84000015258789,73516,,,-0.15,
2024-02-26 05:00:00,10.880000114440918,38075,,,-0.15,
2024-02-23 05:00:00,10.239999771118164,28738,,,-0.15,
2024-02-22 05:00:00,10.239999771118164,38728,,,-0.15,
2024-02-21 05:00:00,11.199999809265137,24813,,,-0.15,
2024-02-20 05:00:00,11.84000015258789,29225,,,-0.15,
2024-02-16 05:00:00,12.15999984741211,25856,,,-0.15,
2024-02-15 05:00:00,12.479999542236328,40488,,,-0.15,
2024-02-14 05:00:00,12.479999542236328,36172,,,-0.15,
2024-02-13 05:00:00,11.199999809265137,42353,,,-0.15,
2024-02-12 05:00:00,11.84000015258789,100738,,,-0.15,
2024-02-09 05:00:00,10.5600004196167,12269,,,-0.15,
2024-02-08 05:00:00,10.5600004196167,15578,,,-0.15,
2024-02-07 05:00:00,10.5600004196167,16972,,,-0.15,
2024-02-06 05:00:00,10.5600004196167,24325,,,-0.15,
2024-02-05 05:00:00,10.239999771118164,26506,,,-0.15,
2024-02-02 05:00:00,10.5600004196167,27816,,,-0.15,
2024-02-01 05:00:00,10.880000114440918,53253,,,-0.15,
2024-01-31 05:00:00,10.239999771118164,20288,,,-0.15,
2024-01-30 05:00:00,9.920000076293944,21794,,,-0.15,
2024-01-29 05:00:00,10.239999771118164,40169,,,-0.15,
2024-01-26 05:00:00,9.600000381469728,18422,,,-0.15,
2024-01-25 05:00:00,9.920000076293944,35916,,,-0.15,
2024-01-24 05:00:00,8.960000038146973,26769,,,-0.15,
2024-01-23 05:00:00,9.279999732971191,18300,,,-0.15,
2024-01-22 05:00:00,9.600000381469728,26041,,,-0.15,
2024-01-19 05:00:00,8.960000038146973,30963,,,-0.15,
2024-01-18 05:00:00,8.640000343322754,35828,,,-0.15,
2024-01-17 05:00:00,9.279999732971191,27506,,,-0.15,
2024-01-16 05:00:00,9.920000076293944,40522,,,-0.15,
2024-01-12 05:00:00,9.600000381469728,54950,,,-0.15,
2024-01-11 05:00:00,8.960000038146973,64266,,,-0.15,
2024-01-10 05:00:00,9.920000076293944,86516,,,-0.15,
2024-01-09 05:00:00,10.239999771118164,156916,,,-0.15,
2024-01-08 05:00:00,11.520000457763672,77134,,,-0.15,
2024-01-05 05:00:00,11.84000015258789,36122,,,-0.15,
2024-01-04 05:00:00,12.15999984741211,57728,,,-0.15,
2024-01-03 05:00:00,12.479999542236328,78800,,,-0.15,
2024-01-02 05:00:00,13.4399995803833,112131,,,-0.15,
2023-12-29 05:00:00,12.800000190734863,50966,,,-0.15,
2023-12-28 05:00:00,13.119999885559082,61684,,,-0.15,
2023-12-27 05:00:00,13.4399995803833,56322,,,-0.15,
2023-12-26 05:00:00,13.119999885559082,56084,,,-0.15,
2023-12-22 05:00:00,12.800000190734863,124384,,,-0.15,
2023-12-21 05:00:00,12.15999984741211,179572,,,-0.15,
2023-12-20 05:00:00,12.15999984741211,425669,,,-0.15,
2023-12-19 05:00:00,19.200000762939453,72375,,,-0.15,
2023-12-18 05:00:00,21.440000534057617,84925,,,-0.15,
2023-12-15 05:00:00,18.239999771118164,81544,,,-0.15,
2023-12-14 05:00:00,16.31999969482422,69131,,,-0.15,
2023-12-13 05:00:00,13.4399995803833,16138,,,-0.15,
2023-12-12 05:00:00,13.119999885559082,37431,,,-0.15,
2023-12-11 05:00:00,12.479999542236328,19566,,,-0.15,
2023-12-08 05:00:00,12.800000190734863,71047,,,-0.15,
2023-12-07 05:00:00,12.15999984741211,127025,,,-0.15,
2023-12-06 05:00:00,14.720000267028809,49775,,,-0.15,
2023-12-05 05:00:00,15.359999656677246,41750,,,-0.15,
2023-12-04 05:00:00,15.039999961853027,119781,,,-0.15,
2023-12-01 05:00:00,16.959999084472656,7941,,,-0.15,
2023-11-30 05:00:00,16.639999389648438,21428,,,-0.15,
2023-11-29 05:00:00,16.639999389648438,11441,,,-0.15,
2023-11-28 05:00:00,15.68000030517578,21116,,,-0.15,
2023-11-27 05:00:00,15.68000030517578,7713,,,-0.15,
2023-11-24 05:00:00,15.68000030517578,4994,,,-0.15,
2023-11-22 05:00:00,15.359999656677246,5003,,,-0.15,
2023-11-21 05:00:00,15.68000030517578,7175,,,-0.15,
2023-11-20 05:00:00,15.359999656677246,15272,,,-0.15,
2023-11-17 05:00:00,15.039999961853027,3831,,,-0.15,
2023-11-16 05:00:00,15.039999961853027,13134,,,-0.15,
2023-11-15 05:00:00,15.039999961853027,28959,,,-0.15,
2023-11-14 05:00:00,14.720000267028809,6797,,,-0.15,
2023-11-13 05:00:00,15.039999961853027,4631,,,-0.15,
2023-11-10 05:00:00,15.039999961853027,14400,,,-0.15,
2023-11-09 05:00:00,15.039999961853027,5131,,,-0.15,
2023-11-08 05:00:00,15.68000030517578,3553,,,-0.15,
2023-11-07 05:00:00,15.68000030517578,4056,,,-0.15,
2023-11-06 05:00:00,16.0,7822,,,-0.15,
2023-11-03 04:00:00,16.31999969482422,7241,,,-0.15,
2023-11-02 04:00:00,16.0,8047,,,-0.15,
2023-11-01 04:00:00,15.68000030517578,23175,,,-0.15,
2023-10-31 04:00:00,18.8799991607666,32906,,,-0.15,
2023-10-30 04:00:00,18.239999771118164,8831,,,-0.15,
2023-10-27 04:00:00,17.600000381469727,4569,,,-0.15,
2023-10-26 04:00:00,17.600000381469727,5113,,,-0.15,
2023-10-25 04:00:00,17.600000381469727,6359,,,-0.15,
2023-10-24 04:00:00,17.280000686645508,8028,,,-0.15,
2023-10-23 04:00:00,17.600000381469727,6669,,,-0.15,
2023-10-20 04:00:00,17.600000381469727,3453,,,-0.15,
2023-10-19 04:00:00,17.600000381469727,4406,,,-0.15,
2023-10-18 04:00:00,17.920000076293945,6344,,,-0.15,
2023-10-17 04:00:00,18.239999771118164,6794,,,-0.15,
2023-10-16 04:00:00,18.239999771118164,8813,,,-0.15,
2023-10-13 04:00:00,18.559999465942383,4781,,,-0.15,
2023-10-12 04:00:00,18.8799991607666,5134,,,-0.15,
2023-10-11 04:00:00,18.8799991607666,7975,,,-0.15,
2023-10-10 04:00:00,18.559999465942383,5847,,,-0.15,
2023-10-09 04:00:00,18.239999771118164,7628,,,-0.15,
2023-10-06 04:00:00,17.920000076293945,6825,,,-0.15,
2023-10-05 04:00:00,18.8799991607666,26206,,,-0.15,
2023-10-04 04:00:00,18.239999771118164,18309,,,-0.15,
2023-10-03 04:00:00,16.959999084472656,9038,,,-0.15,
2023-10-02 04:00:00,17.280000686645508,11594,,,-0.15,
